symbol,exchange
AACB,NASDAQ
AACBR,NASDAQ
AACBU,NASDAQ
AACG,NASDAQ
AACI,NASDAQ
AACIU,NASDAQ
AACIW,NASDAQ
AAL,NASDAQ
AAME,NASDAQ
AAOI,NASDAQ
AAON,NASDAQ
AAPG,NASDAQ
AAPL,NASDAQ
AARD,NASDAQ
ABAT,NASDAQ
ABCL,NASDAQ
ABEO,NASDAQ
ABL,NASDAQ
ABLLL,NASDAQ
ABLLW,NASDAQ
ABLV,NASDAQ
ABLVW,NASDAQ
ABNB,NASDAQ
ABOS,NASDAQ
ABP,NASDAQ
ABPWW,NASDAQ
ABSI,NASDAQ
ABTS,NASDAQ
ABUS,NASDAQ
ABVC,NASDAQ
ABVE,NASDAQ
ABVEW,NASDAQ
ABVX,NASDAQ
ACAD,NASDAQ
ACB,NASDAQ
ACDC,NASDAQ
ACET,NASDAQ
ACGL,NASDAQ
ACGLN,NASDAQ
ACGLO,NASDAQ
ACHC,NASDAQ
ACHV,NASDAQ
ACIC,NASDAQ
ACIU,NASDAQ
ACIW,NASDAQ
ACLS,NASDAQ
ACLX,NASDAQ
ACMR,NASDAQ
ACNB,NASDAQ
ACNT,NASDAQ
ACOG,NASDAQ
ACON,NASDAQ
ACONW,NASDAQ
ACRS,NASDAQ
ACRV,NASDAQ
ACT,NASDAQ
ACTG,NASDAQ
ACTU,NASDAQ
ACXP,NASDAQ
ADAG,NASDAQ
ADAP,NASDAQ
ADBE,NASDAQ
ADD,NASDAQ
ADEA,NASDAQ
ADGM,NASDAQ
ADI,NASDAQ
ADIL,NASDAQ
ADMA,NASDAQ
ADN,NASDAQ
ADNWW,NASDAQ
ADP,NASDAQ
ADPT,NASDAQ
ADSE,NASDAQ
ADSEW,NASDAQ
ADSK,NASDAQ
ADTN,NASDAQ
ADTX,NASDAQ
ADUR,NASDAQ
ADUS,NASDAQ
ADV,NASDAQ
ADVB,NASDAQ
ADVM,NASDAQ
ADVWW,NASDAQ
ADXN,NASDAQ
AEBIV,NASDAQ
AEHL,NASDAQ
AEHR,NASDAQ
AEI,NASDAQ
AEIS,NASDAQ
AEMD,NASDAQ
AENT,NASDAQ
AENTW,NASDAQ
AEP,NASDAQ
AERT,NASDAQ
AERTW,NASDAQ
AEVA,NASDAQ
AEVAW,NASDAQ
AEYE,NASDAQ
AFBI,NASDAQ
AFCG,NASDAQ
AFJK,NASDAQ
AFJKR,NASDAQ
AFRI,NASDAQ
AFRIW,NASDAQ
AFRM,NASDAQ
AFYA,NASDAQ
AGAE,NASDAQ
AGEN,NASDAQ
AGFY,NASDAQ
AGH,NASDAQ
AGIO,NASDAQ
AGMH,NASDAQ
AGNC,NASDAQ
AGNCL,NASDAQ
AGNCM,NASDAQ
AGNCN,NASDAQ
AGNCO,NASDAQ
AGNCP,NASDAQ
AGRI,NASDAQ
AGYS,NASDAQ
AHCO,NASDAQ
AHG,NASDAQ
AIFE,NASDAQ
AIFEU,NASDAQ
AIFF,NASDAQ
AIFU,NASDAQ
AIHS,NASDAQ
AIMD,NASDAQ
AIMDW,NASDAQ
AIOT,NASDAQ
AIP,NASDAQ
AIRE,NASDAQ
AIRG,NASDAQ
AIRJ,NASDAQ
AIRJW,NASDAQ
AIRO,NASDAQ
AIRS,NASDAQ
AIRT,NASDAQ
AIRTP,NASDAQ
AISP,NASDAQ
AISPW,NASDAQ
AIXI,NASDAQ
AKAM,NASDAQ
AKAN,NASDAQ
AKBA,NASDAQ
AKRO,NASDAQ
AKTX,NASDAQ
AKYA,NASDAQ
ALAB,NASDAQ
ALAR,NASDAQ
ALBT,NASDAQ
ALCO,NASDAQ
ALCY,NASDAQ
ALCYW,NASDAQ
ALDF,NASDAQ
ALDFU,NASDAQ
ALDFW,NASDAQ
ALDX,NASDAQ
ALEC,NASDAQ
ALF,NASDAQ
ALFUW,NASDAQ
ALGM,NASDAQ
ALGN,NASDAQ
ALGS,NASDAQ
ALGT,NASDAQ
ALHC,NASDAQ
ALKS,NASDAQ
ALKT,NASDAQ
ALLO,NASDAQ
ALLR,NASDAQ
ALLT,NASDAQ
ALMS,NASDAQ
ALMU,NASDAQ
ALNT,NASDAQ
ALNY,NASDAQ
ALOT,NASDAQ
ALRM,NASDAQ
ALRS,NASDAQ
ALT,NASDAQ
ALTI,NASDAQ
ALTO,NASDAQ
ALTS,NASDAQ
ALVO,NASDAQ
ALVOW,NASDAQ
ALXO,NASDAQ
ALZN,NASDAQ
AMAL,NASDAQ
AMAT,NASDAQ
AMBA,NASDAQ
AMBR,NASDAQ
AMCX,NASDAQ
AMD,NASDAQ
AMED,NASDAQ
AMGN,NASDAQ
AMIX,NASDAQ
AMKR,NASDAQ
AMLX,NASDAQ
AMOD,NASDAQ
AMODW,NASDAQ
AMPG,NASDAQ
AMPGW,NASDAQ
AMPH,NASDAQ
AMPL,NASDAQ
AMRK,NASDAQ
AMRN,NASDAQ
AMRX,NASDAQ
AMSC,NASDAQ
AMSF,NASDAQ
AMST,NASDAQ
AMTX,NASDAQ
AMWD,NASDAQ
AMZN,NASDAQ
ANAB,NASDAQ
ANDE,NASDAQ
ANEB,NASDAQ
ANGH,NASDAQ
ANGHW,NASDAQ
ANGI,NASDAQ
ANGO,NASDAQ
ANIK,NASDAQ
ANIP,NASDAQ
ANIX,NASDAQ
ANL,NASDAQ
ANNA,NASDAQ
ANNAW,NASDAQ
ANNX,NASDAQ
ANSC,NASDAQ
ANSCU,NASDAQ
ANSCW,NASDAQ
ANSS,NASDAQ
ANTA,NASDAQ
ANTE,NASDAQ
ANTX,NASDAQ
ANY,NASDAQ
AOSL,NASDAQ
AOUT,NASDAQ
APA,NASDAQ
APDN,NASDAQ
APEI,NASDAQ
APGE,NASDAQ
API,NASDAQ
APLD,NASDAQ
APLM,NASDAQ
APLMW,NASDAQ
APLS,NASDAQ
APLT,NASDAQ
APM,NASDAQ
APOG,NASDAQ
APP,NASDAQ
APPF,NASDAQ
APPN,NASDAQ
APPS,NASDAQ
APRE,NASDAQ
APVO,NASDAQ
APWC,NASDAQ
APYX,NASDAQ
AQB,NASDAQ
AQMS,NASDAQ
AQST,NASDAQ
ARAI,NASDAQ
ARAY,NASDAQ
ARBB,NASDAQ
ARBE,NASDAQ
ARBEW,NASDAQ
ARBK,NASDAQ
ARBKL,NASDAQ
ARCB,NASDAQ
ARCC,NASDAQ
ARCT,NASDAQ
ARDX,NASDAQ
AREB,NASDAQ
AREBW,NASDAQ
AREC,NASDAQ
ARGX,NASDAQ
ARHS,NASDAQ
ARKO,NASDAQ
ARKOW,NASDAQ
ARKR,NASDAQ
ARLP,NASDAQ
ARM,NASDAQ
AROW,NASDAQ
ARQ,NASDAQ
ARQQ,NASDAQ
ARQQW,NASDAQ
ARQT,NASDAQ
ARRY,NASDAQ
ARTL,NASDAQ
ARTNA,NASDAQ
ARTV,NASDAQ
ARTW,NASDAQ
ARVN,NASDAQ
ARWR,NASDAQ
ASBP,NASDAQ
ASBPW,NASDAQ
ASLE,NASDAQ
ASMB,NASDAQ
ASML,NASDAQ
ASND,NASDAQ
ASNS,NASDAQ
ASO,NASDAQ
ASPC,NASDAQ
ASPCR,NASDAQ
ASPCU,NASDAQ
ASPI,NASDAQ
ASPS,NASDAQ
ASPSW,NASDAQ
ASPSZ,NASDAQ
ASRT,NASDAQ
ASRV,NASDAQ
ASST,NASDAQ
ASTC,NASDAQ
ASTE,NASDAQ
ASTH,NASDAQ
ASTI,NASDAQ
ASTL,NASDAQ
ASTLW,NASDAQ
ASTS,NASDAQ
ASUR,NASDAQ
ASYS,NASDAQ
ATAI,NASDAQ
ATAT,NASDAQ
ATCOL,NASDAQ
ATEC,NASDAQ
ATER,NASDAQ
ATEX,NASDAQ
ATGL,NASDAQ
ATHA,NASDAQ
ATHE,NASDAQ
ATHR,NASDAQ
ATII,NASDAQ
ATIIU,NASDAQ
ATIIW,NASDAQ
ATLC,NASDAQ
ATLCL,NASDAQ
ATLCP,NASDAQ
ATLCZ,NASDAQ
ATLN,NASDAQ
ATLO,NASDAQ
ATLX,NASDAQ
ATMC,NASDAQ
ATMCR,NASDAQ
ATMCW,NASDAQ
ATMV,NASDAQ
ATMVR,NASDAQ
ATMVU,NASDAQ
ATNF,NASDAQ
ATNFW,NASDAQ
ATNI,NASDAQ
ATOM,NASDAQ
ATOS,NASDAQ
ATPC,NASDAQ
ATRA,NASDAQ
ATRC,NASDAQ
ATRO,NASDAQ
ATXG,NASDAQ
ATXS,NASDAQ
ATYR,NASDAQ
AUBN,NASDAQ
AUDC,NASDAQ
AUID,NASDAQ
AUPH,NASDAQ
AUR,NASDAQ
AURA,NASDAQ
AUROW,NASDAQ
AUTL,NASDAQ
AUUD,NASDAQ
AUUDW,NASDAQ
AVAH,NASDAQ
AVAV,NASDAQ
AVBP,NASDAQ
AVDL,NASDAQ
AVDX,NASDAQ
AVGO,NASDAQ
AVIR,NASDAQ
AVNW,NASDAQ
AVO,NASDAQ
AVPT,NASDAQ
AVPTW,NASDAQ
AVR,NASDAQ
AVT,NASDAQ
AVTX,NASDAQ
AVXL,NASDAQ
AWRE,NASDAQ
AXGN,NASDAQ
AXINU,NASDAQ
AXON,NASDAQ
AXSM,NASDAQ
AXTI,NASDAQ
AYRO,NASDAQ
AYTU,NASDAQ
AZ,NASDAQ
AZI,NASDAQ
AZN,NASDAQ
AZTA,NASDAQ
BACCU,NASDAQ
BACQ,NASDAQ
BACQR,NASDAQ
BAER,NASDAQ
BAERW,NASDAQ
BAFN,NASDAQ
BAND,NASDAQ
BANF,NASDAQ
BANFP,NASDAQ
BANL,NASDAQ
BANR,NASDAQ
BANX,NASDAQ
BAOS,NASDAQ
BASE,NASDAQ
BATRA,NASDAQ
BATRK,NASDAQ
BAYA,NASDAQ
BAYAR,NASDAQ
BBCP,NASDAQ
BBGI,NASDAQ
BBIO,NASDAQ
BBLG,NASDAQ
BBLGW,NASDAQ
BBNX,NASDAQ
BBSI,NASDAQ
BCAB,NASDAQ
BCAL,NASDAQ
BCAX,NASDAQ
BCBP,NASDAQ
BCDA,NASDAQ
BCG,NASDAQ
BCGWW,NASDAQ
BCLI,NASDAQ
BCML,NASDAQ
BCPC,NASDAQ
BCRX,NASDAQ
BCTX,NASDAQ
BCTXW,NASDAQ
BCTXZ,NASDAQ
BCYC,NASDAQ
BDMD,NASDAQ
BDMDW,NASDAQ
BDRX,NASDAQ
BDSX,NASDAQ
BDTX,NASDAQ
BEAG,NASDAQ
BEAGR,NASDAQ
BEAM,NASDAQ
BEAT,NASDAQ
BEATW,NASDAQ
BEEM,NASDAQ
BEEP,NASDAQ
BELFA,NASDAQ
BELFB,NASDAQ
BENF,NASDAQ
BENFW,NASDAQ
BETR,NASDAQ
BETRW,NASDAQ
BFC,NASDAQ
BFIN,NASDAQ
BFRG,NASDAQ
BFRGW,NASDAQ
BFRI,NASDAQ
BFRIW,NASDAQ
BFST,NASDAQ
BGC,NASDAQ
BGFV,NASDAQ
BGL,NASDAQ
BGLC,NASDAQ
BGLWW,NASDAQ
BGM,NASDAQ
BHAT,NASDAQ
BHF,NASDAQ
BHFAL,NASDAQ
BHFAM,NASDAQ
BHFAN,NASDAQ
BHFAO,NASDAQ
BHFAP,NASDAQ
BHRB,NASDAQ
BHST,NASDAQ
BIAF,NASDAQ
BIAFW,NASDAQ
BIDU,NASDAQ
BIGC,NASDAQ
BIIB,NASDAQ
BILI,NASDAQ
BIOA,NASDAQ
BIOX,NASDAQ
BIRD,NASDAQ
BITF,NASDAQ
BIVI,NASDAQ
BIYA,NASDAQ
BJDX,NASDAQ
BJRI,NASDAQ
BKHA,NASDAQ
BKHAR,NASDAQ
BKNG,NASDAQ
BKR,NASDAQ
BKYI,NASDAQ
BL,NASDAQ
BLBD,NASDAQ
BLBX,NASDAQ
BLDE,NASDAQ
BLDEW,NASDAQ
BLDP,NASDAQ
BLFS,NASDAQ
BLFY,NASDAQ
BLIN,NASDAQ
BLIV,NASDAQ
BLKB,NASDAQ
BLMN,NASDAQ
BLMZ,NASDAQ
BLNE,NASDAQ
BLNK,NASDAQ
BLRX,NASDAQ
BLTE,NASDAQ
BLUWU,NASDAQ
BLZE,NASDAQ
BMBL,NASDAQ
BMEA,NASDAQ
BMGL,NASDAQ
BMR,NASDAQ
BMRA,NASDAQ
BMRC,NASDAQ
BMRN,NASDAQ
BNAI,NASDAQ
BNAIW,NASDAQ
BNGO,NASDAQ
BNR,NASDAQ
BNRG,NASDAQ
BNTC,NASDAQ
BNTX,NASDAQ
BNZI,NASDAQ
BNZIW,NASDAQ
BOF,NASDAQ
BOKF,NASDAQ
BOLD,NASDAQ
BOLT,NASDAQ
BON,NASDAQ
BOOM,NASDAQ
BOSC,NASDAQ
BOTJ,NASDAQ
BOWN,NASDAQ
BOWNR,NASDAQ
BOWNU,NASDAQ
BOXL,NASDAQ
BPMC,NASDAQ
BPOP,NASDAQ
BPOPM,NASDAQ
BPRN,NASDAQ
BPYPM,NASDAQ
BPYPN,NASDAQ
BPYPO,NASDAQ
BPYPP,NASDAQ
BRAG,NASDAQ
BREA,NASDAQ
BRFH,NASDAQ
BRID,NASDAQ
BRKL,NASDAQ
BRKR,NASDAQ
BRLS,NASDAQ
BRLSW,NASDAQ
BRLT,NASDAQ
BRNS,NASDAQ
BRTX,NASDAQ
BRY,NASDAQ
BRZE,NASDAQ
BSAAU,NASDAQ
BSBK,NASDAQ
BSET,NASDAQ
BSGM,NASDAQ
BSLK,NASDAQ
BSLKW,NASDAQ
BSRR,NASDAQ
BSVN,NASDAQ
BSY,NASDAQ
BTAI,NASDAQ
BTBD,NASDAQ
BTBDW,NASDAQ
BTBT,NASDAQ
BTCS,NASDAQ
BTCT,NASDAQ
BTDR,NASDAQ
BTM,NASDAQ
BTMD,NASDAQ
BTMWW,NASDAQ
BTOC,NASDAQ
BTOG,NASDAQ
BTSG,NASDAQ
BTSGU,NASDAQ
BULL,NASDAQ
BULLW,NASDAQ
BUSE,NASDAQ
BUSEP,NASDAQ
BVFL,NASDAQ
BVS,NASDAQ
BWAY,NASDAQ
BWB,NASDAQ
BWBBP,NASDAQ
BWEN,NASDAQ
BWFG,NASDAQ
BWIN,NASDAQ
BWMN,NASDAQ
BYFC,NASDAQ
BYND,NASDAQ
BYRN,NASDAQ
BYSI,NASDAQ
BZ,NASDAQ
BZAI,NASDAQ
BZAIW,NASDAQ
BZFD,NASDAQ
BZFDW,NASDAQ
BZUN,NASDAQ
CAAS,NASDAQ
CABA,NASDAQ
CAC,NASDAQ
CACC,NASDAQ
CADL,NASDAQ
CAEP,NASDAQ
CAI,NASDAQ
CAKE,NASDAQ
CALC,NASDAQ
CALM,NASDAQ
CAMP,NASDAQ
CAMT,NASDAQ
CAN,NASDAQ
CAPN,NASDAQ
CAPNR,NASDAQ
CAPR,NASDAQ
CAPS,NASDAQ
CAPT,NASDAQ
CAPTW,NASDAQ
CAR,NASDAQ
CARE,NASDAQ
CARG,NASDAQ
CARM,NASDAQ
CART,NASDAQ
CARV,NASDAQ
CASH,NASDAQ
CASI,NASDAQ
CASK,NASDAQ
CASS,NASDAQ
CASY,NASDAQ
CATY,NASDAQ
CBAT,NASDAQ
CBFV,NASDAQ
CBIO,NASDAQ
CBLL,NASDAQ
CBNK,NASDAQ
CBRL,NASDAQ
CBSH,NASDAQ
CBUS,NASDAQ
CCAP,NASDAQ
CCB,NASDAQ
CCBG,NASDAQ
CCCC,NASDAQ
CCCM,NASDAQ
CCCMU,NASDAQ
CCCMW,NASDAQ
CCCS,NASDAQ
CCCXU,NASDAQ
CCD,NASDAQ
CCEC,NASDAQ
CCEP,NASDAQ
CCG,NASDAQ
CCGWW,NASDAQ
CCIIU,NASDAQ
CCIR,NASDAQ
CCIRU,NASDAQ
CCIRW,NASDAQ
CCIX,NASDAQ
CCIXU,NASDAQ
CCIXW,NASDAQ
CCLD,NASDAQ
CCLDO,NASDAQ
CCNE,NASDAQ
CCNEP,NASDAQ
CCOI,NASDAQ
CCRN,NASDAQ
CCSI,NASDAQ
CCTG,NASDAQ
CDIO,NASDAQ
CDIOW,NASDAQ
CDLX,NASDAQ
CDNA,NASDAQ
CDNS,NASDAQ
CDRO,NASDAQ
CDROW,NASDAQ
CDT,NASDAQ
CDTG,NASDAQ
CDTTW,NASDAQ
CDTX,NASDAQ
CDW,NASDAQ
CDXS,NASDAQ
CDZI,NASDAQ
CDZIP,NASDAQ
CECO,NASDAQ
CEG,NASDAQ
CELC,NASDAQ
CELH,NASDAQ
CELU,NASDAQ
CELUW,NASDAQ
CELZ,NASDAQ
CENN,NASDAQ
CENT,NASDAQ
CENTA,NASDAQ
CENX,NASDAQ
CEP,NASDAQ
CEPO,NASDAQ
CEPT,NASDAQ
CERO,NASDAQ
CEROW,NASDAQ
CERS,NASDAQ
CERT,NASDAQ
CETX,NASDAQ
CETY,NASDAQ
CEVA,NASDAQ
CFBK,NASDAQ
CFFI,NASDAQ
CFFN,NASDAQ
CFLT,NASDAQ
CFSB,NASDAQ
CG,NASDAQ
CGABL,NASDAQ
CGBD,NASDAQ
CGBDL,NASDAQ
CGBS,NASDAQ
CGBSW,NASDAQ
CGC,NASDAQ
CGCT,NASDAQ
CGCTU,NASDAQ
CGCTW,NASDAQ
CGEM,NASDAQ
CGEN,NASDAQ
CGNT,NASDAQ
CGNX,NASDAQ
CGO,NASDAQ
CGON,NASDAQ
CGTL,NASDAQ
CGTX,NASDAQ
CHA,NASDAQ
CHAC,NASDAQ
CHACR,NASDAQ
CHACU,NASDAQ
CHAR,NASDAQ
CHCI,NASDAQ
CHCO,NASDAQ
CHDN,NASDAQ
CHEF,NASDAQ
CHEK,NASDAQ
CHI,NASDAQ
CHKP,NASDAQ
CHMG,NASDAQ
CHNR,NASDAQ
CHPG,NASDAQ
CHPGR,NASDAQ
CHPGU,NASDAQ
CHR,NASDAQ
CHRD,NASDAQ
CHRS,NASDAQ
CHRW,NASDAQ
CHSCL,NASDAQ
CHSCM,NASDAQ
CHSCN,NASDAQ
CHSCO,NASDAQ
CHSCP,NASDAQ
CHSN,NASDAQ
CHTR,NASDAQ
CHW,NASDAQ
CHX,NASDAQ
CHY,NASDAQ
CHYM,NASDAQ
CIFR,NASDAQ
CIFRW,NASDAQ
CIGI,NASDAQ
CIGL,NASDAQ
CIIT,NASDAQ
CINF,NASDAQ
CING,NASDAQ
CINGW,NASDAQ
CISO,NASDAQ
CISS,NASDAQ
CIVB,NASDAQ
CJET,NASDAQ
CJMB,NASDAQ
CLAR,NASDAQ
CLBK,NASDAQ
CLBT,NASDAQ
CLDX,NASDAQ
CLFD,NASDAQ
CLGN,NASDAQ
CLIK,NASDAQ
CLIR,NASDAQ
CLLS,NASDAQ
CLMB,NASDAQ
CLMT,NASDAQ
CLNE,NASDAQ
CLNN,NASDAQ
CLNNW,NASDAQ
CLOV,NASDAQ
CLPS,NASDAQ
CLPT,NASDAQ
CLRB,NASDAQ
CLRO,NASDAQ
CLSD,NASDAQ
CLSK,NASDAQ
CLSKW,NASDAQ
CLST,NASDAQ
CLWT,NASDAQ
CLYM,NASDAQ
CMBM,NASDAQ
CMCO,NASDAQ
CMCSA,NASDAQ
CMCT,NASDAQ
CME,NASDAQ
CMMB,NASDAQ
CMND,NASDAQ
CMPO,NASDAQ
CMPOW,NASDAQ
CMPR,NASDAQ
CMPS,NASDAQ
CMPX,NASDAQ
CMTL,NASDAQ
CNCK,NASDAQ
CNCKW,NASDAQ
CNDT,NASDAQ
CNET,NASDAQ
CNEY,NASDAQ
CNFR,NASDAQ
CNFRZ,NASDAQ
CNOB,NASDAQ
CNOBP,NASDAQ
CNSP,NASDAQ
CNTA,NASDAQ
CNTB,NASDAQ
CNTX,NASDAQ
CNTY,NASDAQ
CNVS,NASDAQ
CNXC,NASDAQ
CNXN,NASDAQ
COCH,NASDAQ
COCHW,NASDAQ
COCO,NASDAQ
COCP,NASDAQ
CODA,NASDAQ
CODX,NASDAQ
COEP,NASDAQ
COEPW,NASDAQ
COFS,NASDAQ
COGT,NASDAQ
COHU,NASDAQ
COIN,NASDAQ
COKE,NASDAQ
COLA,NASDAQ
COLAR,NASDAQ
COLAU,NASDAQ
COLB,NASDAQ
COLL,NASDAQ
COLM,NASDAQ
COMM,NASDAQ
COO,NASDAQ
COOP,NASDAQ
COOT,NASDAQ
COOTW,NASDAQ
CORT,NASDAQ
CORZ,NASDAQ
CORZW,NASDAQ
CORZZ,NASDAQ
COSM,NASDAQ
COST,NASDAQ
COYA,NASDAQ
CPB,NASDAQ
CPBI,NASDAQ
CPHC,NASDAQ
CPIX,NASDAQ
CPOP,NASDAQ
CPRT,NASDAQ
CPRX,NASDAQ
CPSH,NASDAQ
CPSS,NASDAQ
CPZ,NASDAQ
CRAI,NASDAQ
CRAQ,NASDAQ
CRAQR,NASDAQ
CRAQU,NASDAQ
CRBP,NASDAQ
CRBU,NASDAQ
CRCT,NASDAQ
CRDF,NASDAQ
CRDL,NASDAQ
CRDO,NASDAQ
CREG,NASDAQ
CRESW,NASDAQ
CRESY,NASDAQ
CREV,NASDAQ
CREVW,NASDAQ
CREX,NASDAQ
CRGO,NASDAQ
CRGOW,NASDAQ
CRGX,NASDAQ
CRIS,NASDAQ
CRMD,NASDAQ
CRML,NASDAQ
CRMLW,NASDAQ
CRMT,NASDAQ
CRNC,NASDAQ
CRNT,NASDAQ
CRNX,NASDAQ
CRON,NASDAQ
CROX,NASDAQ
CRSP,NASDAQ
CRSR,NASDAQ
CRTO,NASDAQ
CRUS,NASDAQ
CRVL,NASDAQ
CRVO,NASDAQ
CRVS,NASDAQ
CRWD,NASDAQ
CRWS,NASDAQ
CRWV,NASDAQ
CSAI,NASDAQ
CSBR,NASDAQ
CSCI,NASDAQ
CSCO,NASDAQ
CSGP,NASDAQ
CSGS,NASDAQ
CSIQ,NASDAQ
CSPI,NASDAQ
CSQ,NASDAQ
CSTE,NASDAQ
CSTL,NASDAQ
CSWC,NASDAQ
CSWCZ,NASDAQ
CSX,NASDAQ
CTAS,NASDAQ
CTBI,NASDAQ
CTKB,NASDAQ
CTLP,NASDAQ
CTMX,NASDAQ
CTNM,NASDAQ
CTNT,NASDAQ
CTOR,NASDAQ
CTRM,NASDAQ
CTRN,NASDAQ
CTSH,NASDAQ
CTSO,NASDAQ
CTXR,NASDAQ
CUB,NASDAQ
CUBA,NASDAQ
CUBWU,NASDAQ
CUBWW,NASDAQ
CUE,NASDAQ
CUPR,NASDAQ
CURI,NASDAQ
CURIW,NASDAQ
CURR,NASDAQ
CVAC,NASDAQ
CVBF,NASDAQ
CVCO,NASDAQ
CVGI,NASDAQ
CVGW,NASDAQ
CVKD,NASDAQ
CVLT,NASDAQ
CVRX,NASDAQ
CVV,NASDAQ
CWBC,NASDAQ
CWCO,NASDAQ
CWD,NASDAQ
CWST,NASDAQ
CXAI,NASDAQ
CXAIW,NASDAQ
CXDO,NASDAQ
CYBR,NASDAQ
CYCC,NASDAQ
CYCCP,NASDAQ
CYCN,NASDAQ
CYCU,NASDAQ
CYCUW,NASDAQ
CYN,NASDAQ
CYRX,NASDAQ
CYTK,NASDAQ
CZFS,NASDAQ
CZNC,NASDAQ
CZR,NASDAQ
CZWI,NASDAQ
DAAQ,NASDAQ
DAAQU,NASDAQ
DAAQW,NASDAQ
DAIC,NASDAQ
DAICW,NASDAQ
DAIO,NASDAQ
DAKT,NASDAQ
DALN,NASDAQ
DARE,NASDAQ
DASH,NASDAQ
DATS,NASDAQ
DATSW,NASDAQ
DAVE,NASDAQ
DAVEW,NASDAQ
DAWN,NASDAQ
DBVT,NASDAQ
DBX,NASDAQ
DCBO,NASDAQ
DCGO,NASDAQ
DCOM,NASDAQ
DCOMG,NASDAQ
DCOMP,NASDAQ
DCTH,NASDAQ
DDI,NASDAQ
DDOG,NASDAQ
DEFT,NASDAQ
DENN,NASDAQ
DERM,NASDAQ
DEVS,NASDAQ
DFDV,NASDAQ
DFLI,NASDAQ
DFLIW,NASDAQ
DFSC,NASDAQ
DFSCW,NASDAQ
DGICA,NASDAQ
DGICB,NASDAQ
DGII,NASDAQ
DGLY,NASDAQ
DGNX,NASDAQ
DGXX,NASDAQ
DH,NASDAQ
DHAI,NASDAQ
DHAIW,NASDAQ
DHC,NASDAQ
DHCNI,NASDAQ
DHCNL,NASDAQ
DHIL,NASDAQ
DIBS,NASDAQ
DIOD,NASDAQ
DJCO,NASDAQ
DJT,NASDAQ
DJTWW,NASDAQ
DKNG,NASDAQ
DLHC,NASDAQ
DLO,NASDAQ
DLPN,NASDAQ
DLTH,NASDAQ
DLTR,NASDAQ
DMAA,NASDAQ
DMAAR,NASDAQ
DMAAU,NASDAQ
DMAC,NASDAQ
DMLP,NASDAQ
DMRC,NASDAQ
DNLI,NASDAQ
DNTH,NASDAQ
DNUT,NASDAQ
DOCU,NASDAQ
DOGZ,NASDAQ
DOMH,NASDAQ
DOMO,NASDAQ
DOOO,NASDAQ
DORM,NASDAQ
DOX,NASDAQ
DOYU,NASDAQ
DPRO,NASDAQ
DPZ,NASDAQ
DRCT,NASDAQ
DRDB,NASDAQ
DRDBU,NASDAQ
DRDBW,NASDAQ
DRIO,NASDAQ
DRMA,NASDAQ
DRMAW,NASDAQ
DRRX,NASDAQ
DRS,NASDAQ
DRTS,NASDAQ
DRTSW,NASDAQ
DRUG,NASDAQ
DRVN,NASDAQ
DSGN,NASDAQ
DSGR,NASDAQ
DSGX,NASDAQ
DSP,NASDAQ
DSWL,NASDAQ
DSY,NASDAQ
DSYWW,NASDAQ
DTCK,NASDAQ
DTI,NASDAQ
DTIL,NASDAQ
DTSQ,NASDAQ
DTSS,NASDAQ
DTST,NASDAQ
DTSTW,NASDAQ
DUO,NASDAQ
DUOL,NASDAQ
DUOT,NASDAQ
DVAX,NASDAQ
DVLT,NASDAQ
DWSN,NASDAQ
DWTX,NASDAQ
DXCM,NASDAQ
DXLG,NASDAQ
DXPE,NASDAQ
DXR,NASDAQ
DXST,NASDAQ
DYAI,NASDAQ
DYCQ,NASDAQ
DYCQR,NASDAQ
DYN,NASDAQ
DYNX,NASDAQ
DYNXU,NASDAQ
DYNXW,NASDAQ
EA,NASDAQ
EBAY,NASDAQ
EBC,NASDAQ
EBMT,NASDAQ
EBON,NASDAQ
EBTC,NASDAQ
ECBK,NASDAQ
ECDA,NASDAQ
ECDAW,NASDAQ
ECOR,NASDAQ
ECPG,NASDAQ
ECX,NASDAQ
ECXWW,NASDAQ
EDAP,NASDAQ
EDBL,NASDAQ
EDBLW,NASDAQ
EDHL,NASDAQ
EDIT,NASDAQ
EDRY,NASDAQ
EDSA,NASDAQ
EDTK,NASDAQ
EDUC,NASDAQ
EEFT,NASDAQ
EEIQ,NASDAQ
EFOI,NASDAQ
EFSC,NASDAQ
EFSCP,NASDAQ
EFSI,NASDAQ
EGAN,NASDAQ
EH,NASDAQ
EHGO,NASDAQ
EHLD,NASDAQ
EHTH,NASDAQ
EJH,NASDAQ
EKSO,NASDAQ
ELAB,NASDAQ
ELBM,NASDAQ
ELDN,NASDAQ
ELEV,NASDAQ
ELPW,NASDAQ
ELSE,NASDAQ
ELTK,NASDAQ
ELTX,NASDAQ
ELUT,NASDAQ
ELVA,NASDAQ
ELVN,NASDAQ
ELWS,NASDAQ
EM,NASDAQ
EMBC,NASDAQ
EMCG,NASDAQ
EMCGW,NASDAQ
EML,NASDAQ
ENGN,NASDAQ
ENGNW,NASDAQ
ENGS,NASDAQ
ENLT,NASDAQ
ENLV,NASDAQ
ENPH,NASDAQ
ENSC,NASDAQ
ENSG,NASDAQ
ENTA,NASDAQ
ENTG,NASDAQ
ENTO,NASDAQ
ENTX,NASDAQ
ENVB,NASDAQ
ENVX,NASDAQ
EOLS,NASDAQ
EOSE,NASDAQ
EOSEW,NASDAQ
EPIX,NASDAQ
EPOW,NASDAQ
EPRX,NASDAQ
EPSM,NASDAQ
EPSN,NASDAQ
EPWK,NASDAQ
EQ,NASDAQ
EQIX,NASDAQ
ERAS,NASDAQ
ERIC,NASDAQ
ERIE,NASDAQ
ERII,NASDAQ
ERNA,NASDAQ
ESCA,NASDAQ
ESEA,NASDAQ
ESGL,NASDAQ
ESGLW,NASDAQ
ESGR,NASDAQ
ESGRO,NASDAQ
ESGRP,NASDAQ
ESHA,NASDAQ
ESHAR,NASDAQ
ESLA,NASDAQ
ESLT,NASDAQ
ESOA,NASDAQ
ESPR,NASDAQ
ESQ,NASDAQ
ESSA,NASDAQ
ESTA,NASDAQ
ETNB,NASDAQ
ETON,NASDAQ
ETOR,NASDAQ
ETSY,NASDAQ
EU,NASDAQ
EUDA,NASDAQ
EUDAW,NASDAQ
EURK,NASDAQ
EURKU,NASDAQ
EVAX,NASDAQ
EVCM,NASDAQ
EVER,NASDAQ
EVGN,NASDAQ
EVGO,NASDAQ
EVGOW,NASDAQ
EVLV,NASDAQ
EVLVW,NASDAQ
EVO,NASDAQ
EVOK,NASDAQ
EVRG,NASDAQ
EVTV,NASDAQ
EWBC,NASDAQ
EWCZ,NASDAQ
EWTX,NASDAQ
EXAS,NASDAQ
EXC,NASDAQ
EXE,NASDAQ
EXEEL,NASDAQ
EXEEZ,NASDAQ
EXEL,NASDAQ
EXFY,NASDAQ
EXLS,NASDAQ
EXOZ,NASDAQ
EXPE,NASDAQ
EXPI,NASDAQ
EXPO,NASDAQ
EXTR,NASDAQ
EYE,NASDAQ
EYEN,NASDAQ
EYPT,NASDAQ
EZGO,NASDAQ
EZPW,NASDAQ
FA,NASDAQ
FAAS,NASDAQ
FAASW,NASDAQ
FACT,NASDAQ
FACTU,NASDAQ
FACTW,NASDAQ
FAMI,NASDAQ
FANG,NASDAQ
FARM,NASDAQ
FARO,NASDAQ
FAST,NASDAQ
FAT,NASDAQ
FATBB,NASDAQ
FATBP,NASDAQ
FATBW,NASDAQ
FATE,NASDAQ
FATN,NASDAQ
FBGL,NASDAQ
FBIO,NASDAQ
FBIOP,NASDAQ
FBIZ,NASDAQ
FBLA,NASDAQ
FBLG,NASDAQ
FBNC,NASDAQ
FBRX,NASDAQ
FBYD,NASDAQ
FBYDW,NASDAQ
FCAP,NASDAQ
FCBC,NASDAQ
FCCO,NASDAQ
FCEL,NASDAQ
FCFS,NASDAQ
FCNCA,NASDAQ
FCNCO,NASDAQ
FCNCP,NASDAQ
FCUV,NASDAQ
FDBC,NASDAQ
FDMT,NASDAQ
FDSB,NASDAQ
FDUS,NASDAQ
FEAM,NASDAQ
FEBO,NASDAQ
FEIM,NASDAQ
FELE,NASDAQ
FEMY,NASDAQ
FENC,NASDAQ
FER,NASDAQ
FERA,NASDAQ
FERAR,NASDAQ
FERAU,NASDAQ
FFAI,NASDAQ
FFAIW,NASDAQ
FFBC,NASDAQ
FFIC,NASDAQ
FFIN,NASDAQ
FFIV,NASDAQ
FGBI,NASDAQ
FGBIP,NASDAQ
FGEN,NASDAQ
FGF,NASDAQ
FGFPP,NASDAQ
FGI,NASDAQ
FGIWW,NASDAQ
FGL,NASDAQ
FGMC,NASDAQ
FGMCR,NASDAQ
FGMCU,NASDAQ
FHB,NASDAQ
FHTX,NASDAQ
FIBK,NASDAQ
FIGXU,NASDAQ
FINW,NASDAQ
FIP,NASDAQ
FISI,NASDAQ
FITB,NASDAQ
FITBI,NASDAQ
FITBO,NASDAQ
FITBP,NASDAQ
FIVE,NASDAQ
FIVN,NASDAQ
FIZZ,NASDAQ
FKWL,NASDAQ
FLD,NASDAQ
FLDDW,NASDAQ
FLEX,NASDAQ
FLGC,NASDAQ
FLGT,NASDAQ
FLL,NASDAQ
FLNC,NASDAQ
FLNT,NASDAQ
FLUX,NASDAQ
FLWS,NASDAQ
FLX,NASDAQ
FLXS,NASDAQ
FLYE,NASDAQ
FLYW,NASDAQ
FMAO,NASDAQ
FMBH,NASDAQ
FMFC,NASDAQ
FMNB,NASDAQ
FMST,NASDAQ
FMSTW,NASDAQ
FNGR,NASDAQ
FNKO,NASDAQ
FNLC,NASDAQ
FNWB,NASDAQ
FNWD,NASDAQ
FOLD,NASDAQ
FONR,NASDAQ
FORA,NASDAQ
FORD,NASDAQ
FORL,NASDAQ
FORLW,NASDAQ
FORM,NASDAQ
FORR,NASDAQ
FORTY,NASDAQ
FOSL,NASDAQ
FOSLL,NASDAQ
FOX,NASDAQ
FOXA,NASDAQ
FOXF,NASDAQ
FOXX,NASDAQ
FOXXW,NASDAQ
FPAY,NASDAQ
FRAF,NASDAQ
FRBA,NASDAQ
FRD,NASDAQ
FRGT,NASDAQ
FRHC,NASDAQ
FRME,NASDAQ
FRMEP,NASDAQ
FROG,NASDAQ
FRPH,NASDAQ
FRPT,NASDAQ
FRSH,NASDAQ
FRST,NASDAQ
FRSX,NASDAQ
FSBC,NASDAQ
FSBW,NASDAQ
FSEA,NASDAQ
FSFG,NASDAQ
FSHP,NASDAQ
FSHPR,NASDAQ
FSLR,NASDAQ
FSTR,NASDAQ
FSUN,NASDAQ
FSV,NASDAQ
FTAI,NASDAQ
FTAIM,NASDAQ
FTAIN,NASDAQ
FTCI,NASDAQ
FTDR,NASDAQ
FTEK,NASDAQ
FTEL,NASDAQ
FTFT,NASDAQ
FTHM,NASDAQ
FTLF,NASDAQ
FTNT,NASDAQ
FTRE,NASDAQ
FTRK,NASDAQ
FUFU,NASDAQ
FUFUW,NASDAQ
FULC,NASDAQ
FULT,NASDAQ
FULTP,NASDAQ
FUNC,NASDAQ
FUND,NASDAQ
FUSB,NASDAQ
FUTU,NASDAQ
FVCB,NASDAQ
FVN,NASDAQ
FVNNR,NASDAQ
FWONA,NASDAQ
FWONK,NASDAQ
FWRD,NASDAQ
FWRG,NASDAQ
FXNC,NASDAQ
FYBR,NASDAQ
GABC,NASDAQ
GAIA,NASDAQ
GAIN,NASDAQ
GAINI,NASDAQ
GAINL,NASDAQ
GAINN,NASDAQ
GAINZ,NASDAQ
GALT,NASDAQ
GAMB,NASDAQ
GAME,NASDAQ
GANX,NASDAQ
GASS,NASDAQ
GAUZ,NASDAQ
GBDC,NASDAQ
GBFH,NASDAQ
GBIO,NASDAQ
GCBC,NASDAQ
GCL,NASDAQ
GCLWW,NASDAQ
GCMG,NASDAQ
GCMGW,NASDAQ
GCT,NASDAQ
GCTK,NASDAQ
GDC,NASDAQ
GDEN,NASDAQ
GDEV,NASDAQ
GDEVW,NASDAQ
GDHG,NASDAQ
GDRX,NASDAQ
GDS,NASDAQ
GDTC,NASDAQ
GDYN,NASDAQ
GECC,NASDAQ
GECCH,NASDAQ
GECCI,NASDAQ
GECCO,NASDAQ
GECCZ,NASDAQ
GEG,NASDAQ
GEGGL,NASDAQ
GEHC,NASDAQ
GELS,NASDAQ
GEN,NASDAQ
GENK,NASDAQ
GENVR,NASDAQ
GEOS,NASDAQ
GERN,NASDAQ
GEVO,NASDAQ
GFAI,NASDAQ
GFAIW,NASDAQ
GFS,NASDAQ
GGAL,NASDAQ
GGR,NASDAQ
GGROW,NASDAQ
GH,NASDAQ
GHRS,NASDAQ
GIBO,NASDAQ
GIBOW,NASDAQ
GIFI,NASDAQ
GIFT,NASDAQ
GIG,NASDAQ
GIGGU,NASDAQ
GIGGW,NASDAQ
GIGM,NASDAQ
GIII,NASDAQ
GILD,NASDAQ
GILT,NASDAQ
GIPR,NASDAQ
GIPRW,NASDAQ
GITS,NASDAQ
GLAD,NASDAQ
GLADZ,NASDAQ
GLBE,NASDAQ
GLBS,NASDAQ
GLBZ,NASDAQ
GLDD,NASDAQ
GLE,NASDAQ
GLMD,NASDAQ
GLNG,NASDAQ
GLPG,NASDAQ
GLPI,NASDAQ
GLRE,NASDAQ
GLSI,NASDAQ
GLTO,NASDAQ
GLUE,NASDAQ
GLXG,NASDAQ
GLXY,NASDAQ
GMAB,NASDAQ
GMGI,NASDAQ
GMHS,NASDAQ
GMM,NASDAQ
GNFT,NASDAQ
GNLN,NASDAQ
GNLX,NASDAQ
GNPX,NASDAQ
GNSS,NASDAQ
GNTA,NASDAQ
GNTX,NASDAQ
GO,NASDAQ
GOCO,NASDAQ
GOGL,NASDAQ
GOGO,NASDAQ
GOOD,NASDAQ
GOODN,NASDAQ
GOODO,NASDAQ
GOOG,NASDAQ
GOOGL,NASDAQ
GORV,NASDAQ
GOSS,NASDAQ
GOVX,NASDAQ
GOVXW,NASDAQ
GP,NASDAQ
GPAT,NASDAQ
GPATW,NASDAQ
GPCR,NASDAQ
GPRE,NASDAQ
GPRO,NASDAQ
GRAB,NASDAQ
GRABW,NASDAQ
GRAL,NASDAQ
GRAN,NASDAQ
GRCE,NASDAQ
GREE,NASDAQ
GREEL,NASDAQ
GRFS,NASDAQ
GRI,NASDAQ
GRNQ,NASDAQ
GROW,NASDAQ
GRPN,NASDAQ
GRRR,NASDAQ
GRRRW,NASDAQ
GRVY,NASDAQ
GRWG,NASDAQ
GRYP,NASDAQ
GSAT,NASDAQ
GSBC,NASDAQ
GSHD,NASDAQ
GSHR,NASDAQ
GSHRU,NASDAQ
GSHRW,NASDAQ
GSIT,NASDAQ
GSIW,NASDAQ
GSM,NASDAQ
GSRT,NASDAQ
GSRTR,NASDAQ
GSUN,NASDAQ
GT,NASDAQ
GTBP,NASDAQ
GTEC,NASDAQ
GTEN,NASDAQ
GTENU,NASDAQ
GTENW,NASDAQ
GTI,NASDAQ
GTIM,NASDAQ
GTLB,NASDAQ
GTM,NASDAQ
GTX,NASDAQ
GURE,NASDAQ
GUTS,NASDAQ
GV,NASDAQ
GVH,NASDAQ
GWAV,NASDAQ
GWRS,NASDAQ
GXAI,NASDAQ
GYRE,NASDAQ
GYRO,NASDAQ
HAFC,NASDAQ
HAIN,NASDAQ
HALO,NASDAQ
HAO,NASDAQ
HAS,NASDAQ
HBAN,NASDAQ
HBANL,NASDAQ
HBANM,NASDAQ
HBANP,NASDAQ
HBCP,NASDAQ
HBIO,NASDAQ
HBNB,NASDAQ
HBNC,NASDAQ
HBT,NASDAQ
HCAI,NASDAQ
HCAT,NASDAQ
HCHL,NASDAQ
HCKT,NASDAQ
HCM,NASDAQ
HCSG,NASDAQ
HCTI,NASDAQ
HCWB,NASDAQ
HDL,NASDAQ
HDSN,NASDAQ
HELE,NASDAQ
HEPS,NASDAQ
HFBL,NASDAQ
HFFG,NASDAQ
HFWA,NASDAQ
HGBL,NASDAQ
HHS,NASDAQ
HIFS,NASDAQ
HIHO,NASDAQ
HIMX,NASDAQ
HIT,NASDAQ
HITI,NASDAQ
HIVE,NASDAQ
HKIT,NASDAQ
HKPD,NASDAQ
HLIT,NASDAQ
HLMN,NASDAQ
HLNE,NASDAQ
HLP,NASDAQ
HLVX,NASDAQ
HLXB,NASDAQ
HMR,NASDAQ
HMST,NASDAQ
HNNA,NASDAQ
HNNAZ,NASDAQ
HNRG,NASDAQ
HNST,NASDAQ
HNVR,NASDAQ
HOFT,NASDAQ
HOLO,NASDAQ
HOLOW,NASDAQ
HOLX,NASDAQ
HON,NASDAQ
HOND,NASDAQ
HONDW,NASDAQ
HONE,NASDAQ
HOOD,NASDAQ
HOOK,NASDAQ
HOPE,NASDAQ
HOTH,NASDAQ
HOUR,NASDAQ
HOVNP,NASDAQ
HOVR,NASDAQ
HOVRW,NASDAQ
HOWL,NASDAQ
HPAI,NASDAQ
HPAIW,NASDAQ
HPK,NASDAQ
HPKEW,NASDAQ
HQI,NASDAQ
HQY,NASDAQ
HRMY,NASDAQ
HROW,NASDAQ
HROWL,NASDAQ
HROWM,NASDAQ
HRTX,NASDAQ
HRZN,NASDAQ
HSAI,NASDAQ
HSCS,NASDAQ
HSCSW,NASDAQ
HSDT,NASDAQ
HSIC,NASDAQ
HSII,NASDAQ
HSON,NASDAQ
HSPO,NASDAQ
HSPOR,NASDAQ
HSPOW,NASDAQ
HSPT,NASDAQ
HSPTR,NASDAQ
HSPTU,NASDAQ
HST,NASDAQ
HSTM,NASDAQ
HTBK,NASDAQ
HTCO,NASDAQ
HTCR,NASDAQ
HTHT,NASDAQ
HTLD,NASDAQ
HTLM,NASDAQ
HTO,NASDAQ
HTOO,NASDAQ
HTOOW,NASDAQ
HTZ,NASDAQ
HTZWW,NASDAQ
HUBC,NASDAQ
HUBCW,NASDAQ
HUBCZ,NASDAQ
HUBG,NASDAQ
HUDI,NASDAQ
HUHU,NASDAQ
HUIZ,NASDAQ
HUMA,NASDAQ
HUMAW,NASDAQ
HURA,NASDAQ
HURC,NASDAQ
HURN,NASDAQ
HUT,NASDAQ
HVII,NASDAQ
HVIIR,NASDAQ
HVIIU,NASDAQ
HWBK,NASDAQ
HWC,NASDAQ
HWCPZ,NASDAQ
HWH,NASDAQ
HWKN,NASDAQ
HXHX,NASDAQ
HYFM,NASDAQ
HYMC,NASDAQ
HYMCL,NASDAQ
HYPR,NASDAQ
IAC,NASDAQ
IART,NASDAQ
IAS,NASDAQ
IBAC,NASDAQ
IBACR,NASDAQ
IBCP,NASDAQ
IBEX,NASDAQ
IBG,NASDAQ
IBIO,NASDAQ
IBKR,NASDAQ
IBOC,NASDAQ
IBRX,NASDAQ
ICAD,NASDAQ
ICCC,NASDAQ
ICCM,NASDAQ
ICFI,NASDAQ
ICG,NASDAQ
ICHR,NASDAQ
ICLR,NASDAQ
ICMB,NASDAQ
ICON,NASDAQ
ICU,NASDAQ
ICUCW,NASDAQ
ICUI,NASDAQ
IDAI,NASDAQ
IDCC,NASDAQ
IDN,NASDAQ
IDXX,NASDAQ
IDYA,NASDAQ
IEP,NASDAQ
IESC,NASDAQ
IFBD,NASDAQ
IFRX,NASDAQ
IGIC,NASDAQ
IGMS,NASDAQ
IHRT,NASDAQ
III,NASDAQ
IIIV,NASDAQ
IINN,NASDAQ
IINNW,NASDAQ
IKNA,NASDAQ
IKT,NASDAQ
ILAG,NASDAQ
ILLR,NASDAQ
ILLRW,NASDAQ
ILMN,NASDAQ
ILPT,NASDAQ
IMAB,NASDAQ
IMCC,NASDAQ
IMCR,NASDAQ
IMDX,NASDAQ
IMG,NASDAQ
IMKTA,NASDAQ
IMMP,NASDAQ
IMMR,NASDAQ
IMMX,NASDAQ
IMNM,NASDAQ
IMNN,NASDAQ
IMOS,NASDAQ
IMPP,NASDAQ
IMPPP,NASDAQ
IMRN,NASDAQ
IMRX,NASDAQ
IMTE,NASDAQ
IMTX,NASDAQ
IMUX,NASDAQ
IMVT,NASDAQ
IMXI,NASDAQ
INAB,NASDAQ
INACU,NASDAQ
INBK,NASDAQ
INBKZ,NASDAQ
INBS,NASDAQ
INBX,NASDAQ
INCR,NASDAQ
INCY,NASDAQ
INDB,NASDAQ
INDI,NASDAQ
INDP,NASDAQ
INDV,NASDAQ
INEO,NASDAQ
INGN,NASDAQ
INHD,NASDAQ
INKT,NASDAQ
INLF,NASDAQ
INM,NASDAQ
INMB,NASDAQ
INMD,NASDAQ
INNV,NASDAQ
INO,NASDAQ
INOD,NASDAQ
INSE,NASDAQ
INSG,NASDAQ
INSM,NASDAQ
INTA,NASDAQ
INTC,NASDAQ
INTG,NASDAQ
INTJ,NASDAQ
INTR,NASDAQ
INTS,NASDAQ
INTU,NASDAQ
INTZ,NASDAQ
INV,NASDAQ
INVA,NASDAQ
INVE,NASDAQ
INVZ,NASDAQ
INVZW,NASDAQ
INZY,NASDAQ
IOBT,NASDAQ
IONR,NASDAQ
IONS,NASDAQ
IOSP,NASDAQ
IOTR,NASDAQ
IOVA,NASDAQ
IPA,NASDAQ
IPAR,NASDAQ
IPCX,NASDAQ
IPCXR,NASDAQ
IPCXU,NASDAQ
IPDN,NASDAQ
IPGP,NASDAQ
IPHA,NASDAQ
IPM,NASDAQ
IPOD,NASDAQ
IPODU,NASDAQ
IPODW,NASDAQ
IPSC,NASDAQ
IPW,NASDAQ
IPWR,NASDAQ
IPX,NASDAQ
IQ,NASDAQ
IQST,NASDAQ
IRBT,NASDAQ
IRD,NASDAQ
IRDM,NASDAQ
IREN,NASDAQ
IRIX,NASDAQ
IRMD,NASDAQ
IROH,NASDAQ
IROHR,NASDAQ
IROHU,NASDAQ
IROHW,NASDAQ
IRON,NASDAQ
IROQ,NASDAQ
IRTC,NASDAQ
IRWD,NASDAQ
ISBA,NASDAQ
ISPC,NASDAQ
ISPO,NASDAQ
ISPOW,NASDAQ
ISPR,NASDAQ
ISRG,NASDAQ
ISRL,NASDAQ
ISRLU,NASDAQ
ISRLW,NASDAQ
ISSC,NASDAQ
ISTR,NASDAQ
ITIC,NASDAQ
ITOS,NASDAQ
ITRI,NASDAQ
ITRM,NASDAQ
ITRN,NASDAQ
IVA,NASDAQ
IVDA,NASDAQ
IVDAW,NASDAQ
IVF,NASDAQ
IVP,NASDAQ
IVVD,NASDAQ
IXHL,NASDAQ
IZEA,NASDAQ
IZM,NASDAQ
JACK,NASDAQ
JAGX,NASDAQ
JAKK,NASDAQ
JAMF,NASDAQ
JANX,NASDAQ
JAZZ,NASDAQ
JBDI,NASDAQ
JBHT,NASDAQ
JBIO,NASDAQ
JBLU,NASDAQ
JBSS,NASDAQ
JCAP,NASDAQ
JCSE,NASDAQ
JCTC,NASDAQ
JD,NASDAQ
JDZG,NASDAQ
JEM,NASDAQ
JFB,NASDAQ
JFBR,NASDAQ
JFBRW,NASDAQ
JFIN,NASDAQ
JFU,NASDAQ
JG,NASDAQ
JJSF,NASDAQ
JKHY,NASDAQ
JL,NASDAQ
JLHL,NASDAQ
JMSB,NASDAQ
JOUT,NASDAQ
JOYY,NASDAQ
JRSH,NASDAQ
JRVR,NASDAQ
JSM,NASDAQ
JSPR,NASDAQ
JSPRW,NASDAQ
JTAI,NASDAQ
JUNS,NASDAQ
JVA,NASDAQ
JWEL,NASDAQ
JXG,NASDAQ
JYD,NASDAQ
JYNT,NASDAQ
JZ,NASDAQ
JZXN,NASDAQ
KALA,NASDAQ
KALU,NASDAQ
KALV,NASDAQ
KARO,NASDAQ
KAVL,NASDAQ
KBSX,NASDAQ
KC,NASDAQ
KCHVU,NASDAQ
KDP,NASDAQ
KE,NASDAQ
KELYA,NASDAQ
KELYB,NASDAQ
KEQU,NASDAQ
KFFB,NASDAQ
KFII,NASDAQ
KFIIR,NASDAQ
KFIIU,NASDAQ
KG,NASDAQ
KGEI,NASDAQ
KHC,NASDAQ
KIDS,NASDAQ
KIDZ,NASDAQ
KIDZW,NASDAQ
KINS,NASDAQ
KIRK,NASDAQ
KITT,NASDAQ
KITTW,NASDAQ
KLAC,NASDAQ
KLIC,NASDAQ
KLRS,NASDAQ
KLTO,NASDAQ
KLTOW,NASDAQ
KLTR,NASDAQ
KLXE,NASDAQ
KMB,NASDAQ
KMDA,NASDAQ
KMTS,NASDAQ
KNDI,NASDAQ
KNSA,NASDAQ
KOD,NASDAQ
KOPN,NASDAQ
KOSS,NASDAQ
KPLT,NASDAQ
KPLTW,NASDAQ
KPRX,NASDAQ
KPTI,NASDAQ
KRKR,NASDAQ
KRMD,NASDAQ
KRNT,NASDAQ
KRNY,NASDAQ
KROS,NASDAQ
KRRO,NASDAQ
KRT,NASDAQ
KRUS,NASDAQ
KRYS,NASDAQ
KSCP,NASDAQ
KSPI,NASDAQ
KTCC,NASDAQ
KTOS,NASDAQ
KTTA,NASDAQ
KTTAW,NASDAQ
KURA,NASDAQ
KVAC,NASDAQ
KVACW,NASDAQ
KVHI,NASDAQ
KWM,NASDAQ
KWMWW,NASDAQ
KXIN,NASDAQ
KYMR,NASDAQ
KYTX,NASDAQ
KZIA,NASDAQ
KZR,NASDAQ
LAB,NASDAQ
LAES,NASDAQ
LAKE,NASDAQ
LAMR,NASDAQ
LAND,NASDAQ
LANDM,NASDAQ
LANDO,NASDAQ
LANDP,NASDAQ
LARK,NASDAQ
LASE,NASDAQ
LASR,NASDAQ
LAUR,NASDAQ
LAZR,NASDAQ
LBGJ,NASDAQ
LBRDA,NASDAQ
LBRDK,NASDAQ
LBRDP,NASDAQ
LBTYA,NASDAQ
LBTYB,NASDAQ
LBTYK,NASDAQ
LCCC,NASDAQ
LCCCR,NASDAQ
LCCCU,NASDAQ
LCFY,NASDAQ
LCFYW,NASDAQ
LCID,NASDAQ
LCNB,NASDAQ
LCUT,NASDAQ
LDWY,NASDAQ
LE,NASDAQ
LECO,NASDAQ
LEDS,NASDAQ
LEE,NASDAQ
LEGH,NASDAQ
LEGN,NASDAQ
LENZ,NASDAQ
LESL,NASDAQ
LEXX,NASDAQ
LEXXW,NASDAQ
LFCR,NASDAQ
LFMD,NASDAQ
LFMDP,NASDAQ
LFST,NASDAQ
LFUS,NASDAQ
LFVN,NASDAQ
LFWD,NASDAQ
LGCB,NASDAQ
LGCL,NASDAQ
LGHL,NASDAQ
LGIH,NASDAQ
LGND,NASDAQ
LGO,NASDAQ
LGVN,NASDAQ
LHSW,NASDAQ
LI,NASDAQ
LICN,NASDAQ
LIDR,NASDAQ
LIDRW,NASDAQ
LIEN,NASDAQ
LIF,NASDAQ
LILA,NASDAQ
LILAK,NASDAQ
LIMN,NASDAQ
LIMNW,NASDAQ
LIN,NASDAQ
LINC,NASDAQ
LIND,NASDAQ
LINE,NASDAQ
LINK,NASDAQ
LIQT,NASDAQ
LITE,NASDAQ
LITM,NASDAQ
LIVE,NASDAQ
LIVN,NASDAQ
LIXT,NASDAQ
LIXTW,NASDAQ
LKFN,NASDAQ
LKQ,NASDAQ
LLYVA,NASDAQ
LLYVK,NASDAQ
LMAT,NASDAQ
LMB,NASDAQ
LMFA,NASDAQ
LMNR,NASDAQ
LNKB,NASDAQ
LNKS,NASDAQ
LNSR,NASDAQ
LNT,NASDAQ
LNTH,NASDAQ
LNW,NASDAQ
LNZA,NASDAQ
LNZAW,NASDAQ
LOAN,NASDAQ
LOBO,NASDAQ
LOCO,NASDAQ
LOGI,NASDAQ
LOKV,NASDAQ
LOKVU,NASDAQ
LOKVW,NASDAQ
LOOP,NASDAQ
LOPE,NASDAQ
LOT,NASDAQ
LOTWW,NASDAQ
LOVE,NASDAQ
LPAA,NASDAQ
LPAAW,NASDAQ
LPBB,NASDAQ
LPBBW,NASDAQ
LPCN,NASDAQ
LPLA,NASDAQ
LPRO,NASDAQ
LPSN,NASDAQ
LPTH,NASDAQ
LPTX,NASDAQ
LQDA,NASDAQ
LQDT,NASDAQ
LRCX,NASDAQ
LRE,NASDAQ
LRFC,NASDAQ
LRHC,NASDAQ
LRMR,NASDAQ
LSAK,NASDAQ
LSB,NASDAQ
LSBK,NASDAQ
LSBPW,NASDAQ
LSCC,NASDAQ
LSE,NASDAQ
LSH,NASDAQ
LSTA,NASDAQ
LSTR,NASDAQ
LTBR,NASDAQ
LTRN,NASDAQ
LTRX,NASDAQ
LTRY,NASDAQ
LTRYW,NASDAQ
LUCD,NASDAQ
LUCY,NASDAQ
LUCYW,NASDAQ
LULU,NASDAQ
LUNG,NASDAQ
LUNR,NASDAQ
LVLU,NASDAQ
LVO,NASDAQ
LVRO,NASDAQ
LVROW,NASDAQ
LVTX,NASDAQ
LWACU,NASDAQ
LWAY,NASDAQ
LWLG,NASDAQ
LX,NASDAQ
LXEH,NASDAQ
LXEO,NASDAQ
LXRX,NASDAQ
LYEL,NASDAQ
LYFT,NASDAQ
LYRA,NASDAQ
LYTS,NASDAQ
LZ,NASDAQ
LZMH,NASDAQ
MAAS,NASDAQ
MACI,NASDAQ
MACIW,NASDAQ
MAMA,NASDAQ
MAMO,NASDAQ
MANH,NASDAQ
MAPS,NASDAQ
MAPSW,NASDAQ
MAR,NASDAQ
MARA,NASDAQ
MARPS,NASDAQ
MASI,NASDAQ
MASK,NASDAQ
MASS,NASDAQ
MAT,NASDAQ
MATH,NASDAQ
MATW,NASDAQ
MAXN,NASDAQ
MAYA,NASDAQ
MAYAR,NASDAQ
MAYAU,NASDAQ
MAYS,NASDAQ
MAZE,NASDAQ
MB,NASDAQ
MBAV,NASDAQ
MBAVU,NASDAQ
MBAVW,NASDAQ
MBBC,NASDAQ
MBCN,NASDAQ
MBIN,NASDAQ
MBINL,NASDAQ
MBINM,NASDAQ
MBINN,NASDAQ
MBIO,NASDAQ
MBLY,NASDAQ
MBNKO,NASDAQ
MBNKP,NASDAQ
MBOT,NASDAQ
MBRX,NASDAQ
MBUU,NASDAQ
MBWM,NASDAQ
MBX,NASDAQ
MCBS,NASDAQ
MCFT,NASDAQ
MCHP,NASDAQ
MCHPP,NASDAQ
MCHX,NASDAQ
MCRB,NASDAQ
MCRI,NASDAQ
MCTR,NASDAQ
MCVT,NASDAQ
MCW,NASDAQ
MDAI,NASDAQ
MDAIW,NASDAQ
MDB,NASDAQ
MDBH,NASDAQ
MDCX,NASDAQ
MDCXW,NASDAQ
MDGL,NASDAQ
MDIA,NASDAQ
MDLZ,NASDAQ
MDRR,NASDAQ
MDWD,NASDAQ
MDXG,NASDAQ
MDXH,NASDAQ
MEDP,NASDAQ
MEGL,NASDAQ
MEIP,NASDAQ
MELI,NASDAQ
MENS,NASDAQ
MEOH,NASDAQ
MERC,NASDAQ
MESA,NASDAQ
MESO,NASDAQ
META,NASDAQ
METC,NASDAQ
METCB,NASDAQ
METCL,NASDAQ
METCZ,NASDAQ
MFH,NASDAQ
MFI,NASDAQ
MFIC,NASDAQ
MFICL,NASDAQ
MFIN,NASDAQ
MGEE,NASDAQ
MGIC,NASDAQ
MGIH,NASDAQ
MGNI,NASDAQ
MGNX,NASDAQ
MGPI,NASDAQ
MGRC,NASDAQ
MGRM,NASDAQ
MGRX,NASDAQ
MGTX,NASDAQ
MGX,NASDAQ
MGYR,NASDAQ
MHUA,NASDAQ
MIDD,NASDAQ
MIGI,NASDAQ
MIMI,NASDAQ
MIND,NASDAQ
MINM,NASDAQ
MIRA,NASDAQ
MIRM,NASDAQ
MIST,NASDAQ
MITK,NASDAQ
MKDW,NASDAQ
MKDWW,NASDAQ
MKSI,NASDAQ
MKTW,NASDAQ
MKTX,NASDAQ
MKZR,NASDAQ
MLAB,NASDAQ
MLAC,NASDAQ
MLACU,NASDAQ
MLCO,NASDAQ
MLEC,NASDAQ
MLECW,NASDAQ
MLGO,NASDAQ
MLKN,NASDAQ
MLTX,NASDAQ
MLYS,NASDAQ
MMLP,NASDAQ
MMSI,NASDAQ
MMYT,NASDAQ
MNDO,NASDAQ
MNDR,NASDAQ
MNDY,NASDAQ
MNKD,NASDAQ
MNMD,NASDAQ
MNOV,NASDAQ
MNPR,NASDAQ
MNRO,NASDAQ
MNSB,NASDAQ
MNSBP,NASDAQ
MNST,NASDAQ
MNTK,NASDAQ
MNTS,NASDAQ
MNTSW,NASDAQ
MNY,NASDAQ
MNYWW,NASDAQ
MOB,NASDAQ
MOBBW,NASDAQ
MOBX,NASDAQ
MOBXW,NASDAQ
MODD,NASDAQ
MODV,NASDAQ
MOFG,NASDAQ
MOGO,NASDAQ
MOLN,NASDAQ
MOMO,NASDAQ
MORN,NASDAQ
MOVE,NASDAQ
MPAA,NASDAQ
MPB,NASDAQ
MPWR,NASDAQ
MQ,NASDAQ
MRAM,NASDAQ
MRBK,NASDAQ
MRCC,NASDAQ
MRCY,NASDAQ
MREO,NASDAQ
MRKR,NASDAQ
MRM,NASDAQ
MRNA,NASDAQ
MRNO,NASDAQ
MRNOW,NASDAQ
MRSN,NASDAQ
MRTN,NASDAQ
MRUS,NASDAQ
MRVI,NASDAQ
MRVL,NASDAQ
MRX,NASDAQ
MSAI,NASDAQ
MSAIW,NASDAQ
MSBI,NASDAQ
MSBIP,NASDAQ
MSEX,NASDAQ
MSFT,NASDAQ
MSGM,NASDAQ
MSPR,NASDAQ
MSPRW,NASDAQ
MSPRZ,NASDAQ
MSS,NASDAQ
MSTR,NASDAQ
MSW,NASDAQ
MTC,NASDAQ
MTCH,NASDAQ
MTEK,NASDAQ
MTEKW,NASDAQ
MTEN,NASDAQ
MTEX,NASDAQ
MTLS,NASDAQ
MTRX,NASDAQ
MTSI,NASDAQ
MTSR,NASDAQ
MTVA,NASDAQ
MU,NASDAQ
MULN,NASDAQ
MURA,NASDAQ
MVBF,NASDAQ
MVIS,NASDAQ
MVST,NASDAQ
MVSTW,NASDAQ
MWYN,NASDAQ
MXCT,NASDAQ
MXL,NASDAQ
MYFW,NASDAQ
MYGN,NASDAQ
MYNZ,NASDAQ
MYPS,NASDAQ
MYPSW,NASDAQ
MYRG,NASDAQ
MYSZ,NASDAQ
MZTI,NASDAQ
NA,NASDAQ
NAAS,NASDAQ
NAGE,NASDAQ
NAII,NASDAQ
NAKA,NASDAQ
NAKAW,NASDAQ
NAMI,NASDAQ
NAMM,NASDAQ
NAMMW,NASDAQ
NAMS,NASDAQ
NAMSW,NASDAQ
NAOV,NASDAQ
NATH,NASDAQ
NATR,NASDAQ
NAUT,NASDAQ
NAVI,NASDAQ
NB,NASDAQ
NBBK,NASDAQ
NBIS,NASDAQ
NBIX,NASDAQ
NBN,NASDAQ
NBTB,NASDAQ
NBTX,NASDAQ
NCEW,NASDAQ
NCI,NASDAQ
NCMI,NASDAQ
NCNA,NASDAQ
NCNO,NASDAQ
NCPL,NASDAQ
NCPLW,NASDAQ
NCRA,NASDAQ
NCSM,NASDAQ
NCT,NASDAQ
NCTY,NASDAQ
NDAQ,NASDAQ
NDLS,NASDAQ
NDRA,NASDAQ
NDSN,NASDAQ
NECB,NASDAQ
NEGG,NASDAQ
NEHC,NASDAQ
NEHCW,NASDAQ
NEO,NASDAQ
NEOG,NASDAQ
NEON,NASDAQ
NEOV,NASDAQ
NEOVW,NASDAQ
NEPH,NASDAQ
NERV,NASDAQ
NESR,NASDAQ
NESRW,NASDAQ
NETD,NASDAQ
NETDU,NASDAQ
NETDW,NASDAQ
NEUP,NASDAQ
NEWT,NASDAQ
NEWTG,NASDAQ
NEWTH,NASDAQ
NEWTI,NASDAQ
NEWTZ,NASDAQ
NEXN,NASDAQ
NEXT,NASDAQ
NFBK,NASDAQ
NFE,NASDAQ
NFLX,NASDAQ
NGNE,NASDAQ
NHIC,NASDAQ
NHICU,NASDAQ
NHICW,NASDAQ
NHPAP,NASDAQ
NHPBP,NASDAQ
NHTC,NASDAQ
NICE,NASDAQ
NIOBW,NASDAQ
NIPG,NASDAQ
NISN,NASDAQ
NITO,NASDAQ
NIU,NASDAQ
NIVF,NASDAQ
NIVFW,NASDAQ
NIXX,NASDAQ
NIXXW,NASDAQ
NKSH,NASDAQ
NKTR,NASDAQ
NKTX,NASDAQ
NLSP,NASDAQ
NLSPW,NASDAQ
NMFC,NASDAQ
NMFCZ,NASDAQ
NMIH,NASDAQ
NMPAU,NASDAQ
NMRA,NASDAQ
NMRK,NASDAQ
NMTC,NASDAQ
NN,NASDAQ
NNAVW,NASDAQ
NNBR,NASDAQ
NNDM,NASDAQ
NNE,NASDAQ
NNNN,NASDAQ
NNOX,NASDAQ
NODK,NASDAQ
NOEM,NASDAQ
NOEMR,NASDAQ
NOEMU,NASDAQ
NOEMW,NASDAQ
NOTV,NASDAQ
NOVT,NASDAQ
NPAC,NASDAQ
NPACU,NASDAQ
NPACW,NASDAQ
NPCE,NASDAQ
NRC,NASDAQ
NRDS,NASDAQ
NRIM,NASDAQ
NRIX,NASDAQ
NRSN,NASDAQ
NRSNW,NASDAQ
NRXP,NASDAQ
NRXPW,NASDAQ
NSIT,NASDAQ
NSPR,NASDAQ
NSSC,NASDAQ
NSTS,NASDAQ
NSYS,NASDAQ
NTAP,NASDAQ
NTCL,NASDAQ
NTCT,NASDAQ
NTES,NASDAQ
NTGR,NASDAQ
NTHI,NASDAQ
NTIC,NASDAQ
NTLA,NASDAQ
NTNX,NASDAQ
NTRA,NASDAQ
NTRB,NASDAQ
NTRBW,NASDAQ
NTRP,NASDAQ
NTRS,NASDAQ
NTRSO,NASDAQ
NTWK,NASDAQ
NTWO,NASDAQ
NTWOU,NASDAQ
NTWOW,NASDAQ
NUKK,NASDAQ
NUKKW,NASDAQ
NUTX,NASDAQ
NUVL,NASDAQ
NUWE,NASDAQ
NVA,NASDAQ
NVAWW,NASDAQ
NVAX,NASDAQ
NVCR,NASDAQ
NVCT,NASDAQ
NVDA,NASDAQ
NVEC,NASDAQ
NVEE,NASDAQ
NVFY,NASDAQ
NVMI,NASDAQ
NVNI,NASDAQ
NVNIW,NASDAQ
NVNO,NASDAQ
NVTS,NASDAQ
NVVE,NASDAQ
NVVEW,NASDAQ
NVX,NASDAQ
NWBI,NASDAQ
NWE,NASDAQ
NWFL,NASDAQ
NWGL,NASDAQ
NWL,NASDAQ
NWPX,NASDAQ
NWS,NASDAQ
NWSA,NASDAQ
NWTG,NASDAQ
NWTN,NASDAQ
NWTNW,NASDAQ
NXGL,NASDAQ
NXGLW,NASDAQ
NXL,NASDAQ
NXLIW,NASDAQ
NXPI,NASDAQ
NXPL,NASDAQ
NXPLW,NASDAQ
NXST,NASDAQ
NXT,NASDAQ
NXTC,NASDAQ
NXTT,NASDAQ
NXXT,NASDAQ
NYAX,NASDAQ
NYMT,NASDAQ
NYMTG,NASDAQ
NYMTI,NASDAQ
NYMTL,NASDAQ
NYMTM,NASDAQ
NYMTN,NASDAQ
NYMTZ,NASDAQ
NYXH,NASDAQ
OABI,NASDAQ
OABIW,NASDAQ
OACC,NASDAQ
OACCW,NASDAQ
OAKU,NASDAQ
OAKUU,NASDAQ
OAKUW,NASDAQ
OBAWU,NASDAQ
OBIO,NASDAQ
OBLG,NASDAQ
OBT,NASDAQ
OCC,NASDAQ
OCCI,NASDAQ
OCCIM,NASDAQ
OCCIN,NASDAQ
OCCIO,NASDAQ
OCFC,NASDAQ
OCG,NASDAQ
OCGN,NASDAQ
OCS,NASDAQ
OCSL,NASDAQ
OCTO,NASDAQ
OCUL,NASDAQ
ODD,NASDAQ
ODFL,NASDAQ
ODP,NASDAQ
ODVWZ,NASDAQ
ODYS,NASDAQ
OESX,NASDAQ
OFAL,NASDAQ
OFIX,NASDAQ
OFLX,NASDAQ
OFS,NASDAQ
OFSSH,NASDAQ
OGI,NASDAQ
OKTA,NASDAQ
OKUR,NASDAQ
OKYO,NASDAQ
OLB,NASDAQ
OLED,NASDAQ
OLLI,NASDAQ
OLMA,NASDAQ
OLPX,NASDAQ
OM,NASDAQ
OMAB,NASDAQ
OMCC,NASDAQ
OMCL,NASDAQ
OMDA,NASDAQ
OMER,NASDAQ
OMEX,NASDAQ
OMH,NASDAQ
OMSE,NASDAQ
ON,NASDAQ
ONB,NASDAQ
ONBPO,NASDAQ
ONBPP,NASDAQ
ONC,NASDAQ
ONCO,NASDAQ
ONCY,NASDAQ
ONDS,NASDAQ
ONEG,NASDAQ
ONEW,NASDAQ
ONFO,NASDAQ
ONFOW,NASDAQ
ONMD,NASDAQ
ONMDW,NASDAQ
OP,NASDAQ
OPAL,NASDAQ
OPBK,NASDAQ
OPCH,NASDAQ
OPEN,NASDAQ
OPI,NASDAQ
OPINL,NASDAQ
OPK,NASDAQ
OPOF,NASDAQ
OPRA,NASDAQ
OPRT,NASDAQ
OPRX,NASDAQ
OPTX,NASDAQ
OPTXW,NASDAQ
OPXS,NASDAQ
ORGN,NASDAQ
ORGNW,NASDAQ
ORGO,NASDAQ
ORIC,NASDAQ
ORIS,NASDAQ
ORKA,NASDAQ
ORKT,NASDAQ
ORLY,NASDAQ
ORMP,NASDAQ
ORRF,NASDAQ
OS,NASDAQ
OSBC,NASDAQ
OSIS,NASDAQ
OSPN,NASDAQ
OSRH,NASDAQ
OSRHW,NASDAQ
OSS,NASDAQ
OST,NASDAQ
OSUR,NASDAQ
OSW,NASDAQ
OTEX,NASDAQ
OTLK,NASDAQ
OTLY,NASDAQ
OTRK,NASDAQ
OTTR,NASDAQ
OUST,NASDAQ
OUSTW,NASDAQ
OUSTZ,NASDAQ
OVBC,NASDAQ
OVID,NASDAQ
OVLY,NASDAQ
OXBR,NASDAQ
OXBRW,NASDAQ
OXLC,NASDAQ
OXLCG,NASDAQ
OXLCI,NASDAQ
OXLCL,NASDAQ
OXLCN,NASDAQ
OXLCO,NASDAQ
OXLCP,NASDAQ
OXLCZ,NASDAQ
OXSQ,NASDAQ
OXSQG,NASDAQ
OXSQZ,NASDAQ
OYSEU,NASDAQ
OZK,NASDAQ
OZKAP,NASDAQ
PAA,NASDAQ
PACB,NASDAQ
PACHU,NASDAQ
PAGP,NASDAQ
PAHC,NASDAQ
PAL,NASDAQ
PALI,NASDAQ
PAMT,NASDAQ
PANL,NASDAQ
PANW,NASDAQ
PARA,NASDAQ
PARAA,NASDAQ
PASG,NASDAQ
PATK,NASDAQ
PAVM,NASDAQ
PAVS,NASDAQ
PAX,NASDAQ
PAYO,NASDAQ
PAYS,NASDAQ
PAYX,NASDAQ
PBBK,NASDAQ
PBFS,NASDAQ
PBHC,NASDAQ
PBM,NASDAQ
PBMWW,NASDAQ
PBPB,NASDAQ
PBYI,NASDAQ
PC,NASDAQ
PCAPU,NASDAQ
PCAR,NASDAQ
PCB,NASDAQ
PCH,NASDAQ
PCLA,NASDAQ
PCRX,NASDAQ
PCSA,NASDAQ
PCSC,NASDAQ
PCT,NASDAQ
PCTTU,NASDAQ
PCTTW,NASDAQ
PCTY,NASDAQ
PCVX,NASDAQ
PCYO,NASDAQ
PDD,NASDAQ
PDEX,NASDAQ
PDFS,NASDAQ
PDLB,NASDAQ
PDSB,NASDAQ
PDYN,NASDAQ
PDYNW,NASDAQ
PEBK,NASDAQ
PEBO,NASDAQ
PECO,NASDAQ
PEGA,NASDAQ
PELI,NASDAQ
PELIR,NASDAQ
PELIU,NASDAQ
PENG,NASDAQ
PENN,NASDAQ
PEP,NASDAQ
PEPG,NASDAQ
PERI,NASDAQ
PESI,NASDAQ
PET,NASDAQ
PETS,NASDAQ
PETWW,NASDAQ
PETZ,NASDAQ
PFAI,NASDAQ
PFBC,NASDAQ
PFG,NASDAQ
PFIS,NASDAQ
PFX,NASDAQ
PFXNZ,NASDAQ
PGC,NASDAQ
PGEN,NASDAQ
PGNY,NASDAQ
PGY,NASDAQ
PGYWW,NASDAQ
PHAR,NASDAQ
PHAT,NASDAQ
PHH,NASDAQ
PHIO,NASDAQ
PHLT,NASDAQ
PHOE,NASDAQ
PHUN,NASDAQ
PHVS,NASDAQ
PI,NASDAQ
PIII,NASDAQ
PIIIW,NASDAQ
PINC,NASDAQ
PKBK,NASDAQ
PKOH,NASDAQ
PLAB,NASDAQ
PLAY,NASDAQ
PLBC,NASDAQ
PLBY,NASDAQ
PLCE,NASDAQ
PLL,NASDAQ
PLMK,NASDAQ
PLMKU,NASDAQ
PLMKW,NASDAQ
PLMR,NASDAQ
PLPC,NASDAQ
PLRX,NASDAQ
PLRZ,NASDAQ
PLSE,NASDAQ
PLTK,NASDAQ
PLTR,NASDAQ
PLUG,NASDAQ
PLUR,NASDAQ
PLUS,NASDAQ
PLUT,NASDAQ
PLXS,NASDAQ
PMAX,NASDAQ
PMCB,NASDAQ
PMEC,NASDAQ
PMN,NASDAQ
PMTR,NASDAQ
PMTRU,NASDAQ
PMTRW,NASDAQ
PMTS,NASDAQ
PMVP,NASDAQ
PN,NASDAQ
PNBK,NASDAQ
PNFP,NASDAQ
PNFPP,NASDAQ
PNRG,NASDAQ
PNTG,NASDAQ
POAI,NASDAQ
POCI,NASDAQ
PODC,NASDAQ
PODD,NASDAQ
POET,NASDAQ
POLA,NASDAQ
POLE,NASDAQ
POLEW,NASDAQ
PONY,NASDAQ
POOL,NASDAQ
POWI,NASDAQ
POWL,NASDAQ
POWW,NASDAQ
POWWP,NASDAQ
PPBI,NASDAQ
PPBT,NASDAQ
PPC,NASDAQ
PPIH,NASDAQ
PPSI,NASDAQ
PPTA,NASDAQ
PRAA,NASDAQ
PRAX,NASDAQ
PRCH,NASDAQ
PRCT,NASDAQ
PRDO,NASDAQ
PRE,NASDAQ
PRENW,NASDAQ
PRFX,NASDAQ
PRGS,NASDAQ
PRLD,NASDAQ
PRME,NASDAQ
PROF,NASDAQ
PROK,NASDAQ
PROP,NASDAQ
PROV,NASDAQ
PRPH,NASDAQ
PRPL,NASDAQ
PRPO,NASDAQ
PRQR,NASDAQ
PRSO,NASDAQ
PRTA,NASDAQ
PRTC,NASDAQ
PRTG,NASDAQ
PRTH,NASDAQ
PRTS,NASDAQ
PRVA,NASDAQ
PRZO,NASDAQ
PSEC,NASDAQ
PSHG,NASDAQ
PSIG,NASDAQ
PSIX,NASDAQ
PSMT,NASDAQ
PSNL,NASDAQ
PSNY,NASDAQ
PSNYW,NASDAQ
PSTV,NASDAQ
PT,NASDAQ
PTC,NASDAQ
PTCT,NASDAQ
PTEN,NASDAQ
PTGX,NASDAQ
PTHL,NASDAQ
PTIX,NASDAQ
PTIXW,NASDAQ
PTLE,NASDAQ
PTLO,NASDAQ
PTMN,NASDAQ
PTNM,NASDAQ
PTON,NASDAQ
PUBM,NASDAQ
PULM,NASDAQ
PVBC,NASDAQ
PVLA,NASDAQ
PWM,NASDAQ
PWOD,NASDAQ
PWP,NASDAQ
PXLW,NASDAQ
PXS,NASDAQ
PXSAW,NASDAQ
PYPD,NASDAQ
PYPL,NASDAQ
PYXS,NASDAQ
PZZA,NASDAQ
QCOM,NASDAQ
QCRH,NASDAQ
QDEL,NASDAQ
QETA,NASDAQ
QETAR,NASDAQ
QFIN,NASDAQ
QH,NASDAQ
QIPT,NASDAQ
QLGN,NASDAQ
QLYS,NASDAQ
QMCO,NASDAQ
QMMM,NASDAQ
QNCX,NASDAQ
QNRX,NASDAQ
QNST,NASDAQ
QNTM,NASDAQ
QQQX,NASDAQ
QRHC,NASDAQ
QRVO,NASDAQ
QSEA,NASDAQ
QSEAR,NASDAQ
QSEAU,NASDAQ
QSG,NASDAQ
QSI,NASDAQ
QSIAW,NASDAQ
QTRX,NASDAQ
QTTB,NASDAQ
QUBT,NASDAQ
QUIK,NASDAQ
QURE,NASDAQ
QVCGA,NASDAQ
QVCGP,NASDAQ
RAAQ,NASDAQ
RAAQU,NASDAQ
RAAQW,NASDAQ
RADX,NASDAQ
RAIL,NASDAQ
RAIN,NASDAQ
RAINW,NASDAQ
RAND,NASDAQ
RANG,NASDAQ
RANGR,NASDAQ
RANGU,NASDAQ
RANI,NASDAQ
RAPP,NASDAQ
RAPT,NASDAQ
RARE,NASDAQ
RAVE,NASDAQ
RAY,NASDAQ
RAYA,NASDAQ
RBB,NASDAQ
RBBN,NASDAQ
RBCAA,NASDAQ
RBKB,NASDAQ
RBNE,NASDAQ
RCAT,NASDAQ
RCEL,NASDAQ
RCKT,NASDAQ
RCKTW,NASDAQ
RCKY,NASDAQ
RCMT,NASDAQ
RCON,NASDAQ
RCT,NASDAQ
RDAC,NASDAQ
RDAG,NASDAQ
RDAGU,NASDAQ
RDAGW,NASDAQ
RDCM,NASDAQ
RDFN,NASDAQ
RDGT,NASDAQ
RDHL,NASDAQ
RDI,NASDAQ
RDIB,NASDAQ
RDNT,NASDAQ
RDUS,NASDAQ
RDVT,NASDAQ
RDWR,NASDAQ
RDZN,NASDAQ
RDZNW,NASDAQ
REAL,NASDAQ
REAX,NASDAQ
REBN,NASDAQ
RECT,NASDAQ
REE,NASDAQ
REFI,NASDAQ
REFR,NASDAQ
REG,NASDAQ
REGCO,NASDAQ
REGCP,NASDAQ
REGN,NASDAQ
REKR,NASDAQ
RELI,NASDAQ
RELIW,NASDAQ
RELL,NASDAQ
RELY,NASDAQ
RENB,NASDAQ
RENT,NASDAQ
REPL,NASDAQ
RETO,NASDAQ
REVB,NASDAQ
REVBW,NASDAQ
REYN,NASDAQ
RFAI,NASDAQ
RFAIR,NASDAQ
RFIL,NASDAQ
RGC,NASDAQ
RGCO,NASDAQ
RGEN,NASDAQ
RGLD,NASDAQ
RGNX,NASDAQ
RGP,NASDAQ
RGS,NASDAQ
RGTI,NASDAQ
RGTIW,NASDAQ
RHLD,NASDAQ
RIBB,NASDAQ
RIBBR,NASDAQ
RIBBU,NASDAQ
RICK,NASDAQ
RIGL,NASDAQ
RILY,NASDAQ
RILYG,NASDAQ
RILYK,NASDAQ
RILYL,NASDAQ
RILYN,NASDAQ
RILYP,NASDAQ
RILYT,NASDAQ
RILYZ,NASDAQ
RIME,NASDAQ
RIOT,NASDAQ
RITR,NASDAQ
RIVN,NASDAQ
RKDA,NASDAQ
RKLB,NASDAQ
RLAY,NASDAQ
RLMD,NASDAQ
RLYB,NASDAQ
RMBI,NASDAQ
RMBL,NASDAQ
RMBS,NASDAQ
RMCF,NASDAQ
RMCO,NASDAQ
RMCOW,NASDAQ
RMNI,NASDAQ
RMR,NASDAQ
RMSG,NASDAQ
RMSGW,NASDAQ
RMTI,NASDAQ
RNA,NASDAQ
RNAC,NASDAQ
RNAZ,NASDAQ
RNTX,NASDAQ
RNW,NASDAQ
RNWWW,NASDAQ
RNXT,NASDAQ
ROAD,NASDAQ
ROCK,NASDAQ
ROIV,NASDAQ
ROKU,NASDAQ
ROMA,NASDAQ
ROOT,NASDAQ
ROP,NASDAQ
ROST,NASDAQ
RPAY,NASDAQ
RPD,NASDAQ
RPID,NASDAQ
RPRX,NASDAQ
RPTX,NASDAQ
RR,NASDAQ
RRBI,NASDAQ
RRGB,NASDAQ
RRR,NASDAQ
RSLS,NASDAQ
RSSS,NASDAQ
RSVR,NASDAQ
RSVRW,NASDAQ
RTAC,NASDAQ
RTACU,NASDAQ
RTACW,NASDAQ
RUM,NASDAQ
RUMBW,NASDAQ
RUN,NASDAQ
RUSHA,NASDAQ
RUSHB,NASDAQ
RVMD,NASDAQ
RVMDW,NASDAQ
RVPH,NASDAQ
RVPHW,NASDAQ
RVSB,NASDAQ
RVSN,NASDAQ
RVSNW,NASDAQ
RVYL,NASDAQ
RWAY,NASDAQ
RWAYL,NASDAQ
RWAYZ,NASDAQ
RXRX,NASDAQ
RXST,NASDAQ
RXT,NASDAQ
RYAAY,NASDAQ
RYET,NASDAQ
RYTM,NASDAQ
RZLT,NASDAQ
RZLV,NASDAQ
RZLVW,NASDAQ
SABR,NASDAQ
SABS,NASDAQ
SABSW,NASDAQ
SAFT,NASDAQ
SAFX,NASDAQ
SAGE,NASDAQ
SAGT,NASDAQ
SAIA,NASDAQ
SAIC,NASDAQ
SAIH,NASDAQ
SAIHW,NASDAQ
SAIL,NASDAQ
SAMG,NASDAQ
SANA,NASDAQ
SANG,NASDAQ
SANM,NASDAQ
SANW,NASDAQ
SATL,NASDAQ
SATLW,NASDAQ
SATS,NASDAQ
SAVA,NASDAQ
SBAC,NASDAQ
SBC,NASDAQ
SBCF,NASDAQ
SBCWW,NASDAQ
SBET,NASDAQ
SBFG,NASDAQ
SBFM,NASDAQ
SBFMW,NASDAQ
SBGI,NASDAQ
SBLK,NASDAQ
SBRA,NASDAQ
SBUX,NASDAQ
SCAG,NASDAQ
SCAGW,NASDAQ
SCHL,NASDAQ
SCKT,NASDAQ
SCLX,NASDAQ
SCLXW,NASDAQ
SCNI,NASDAQ
SCNX,NASDAQ
SCOR,NASDAQ
SCPH,NASDAQ
SCSC,NASDAQ
SCVL,NASDAQ
SCWO,NASDAQ
SCYX,NASDAQ
SDA,NASDAQ
SDAWW,NASDAQ
SDGR,NASDAQ
SDHI,NASDAQ
SDHIR,NASDAQ
SDHIU,NASDAQ
SDM,NASDAQ
SDOT,NASDAQ
SDST,NASDAQ
SDSTW,NASDAQ
SEAT,NASDAQ
SEATW,NASDAQ
SEDG,NASDAQ
SEED,NASDAQ
SEER,NASDAQ
SEIC,NASDAQ
SELF,NASDAQ
SELX,NASDAQ
SENEA,NASDAQ
SENEB,NASDAQ
SEPN,NASDAQ
SERA,NASDAQ
SERV,NASDAQ
SEVN,NASDAQ
SEZL,NASDAQ
SFBC,NASDAQ
SFD,NASDAQ
SFHG,NASDAQ
SFIX,NASDAQ
SFM,NASDAQ
SFNC,NASDAQ
SFST,NASDAQ
SFWL,NASDAQ
SGA,NASDAQ
SGBX,NASDAQ
SGC,NASDAQ
SGD,NASDAQ
SGHT,NASDAQ
SGLY,NASDAQ
SGMA,NASDAQ
SGML,NASDAQ
SGMO,NASDAQ
SGMT,NASDAQ
SGRP,NASDAQ
SGRY,NASDAQ
SHBI,NASDAQ
SHC,NASDAQ
SHEN,NASDAQ
SHFS,NASDAQ
SHFSW,NASDAQ
SHIM,NASDAQ
SHIP,NASDAQ
SHLS,NASDAQ
SHMD,NASDAQ
SHMDW,NASDAQ
SHOO,NASDAQ
SHOP,NASDAQ
SHOT,NASDAQ
SHOTW,NASDAQ
SHPH,NASDAQ
SHYF,NASDAQ
SIBN,NASDAQ
SIDU,NASDAQ
SIEB,NASDAQ
SIFY,NASDAQ
SIGA,NASDAQ
SIGI,NASDAQ
SIGIP,NASDAQ
SILC,NASDAQ
SILO,NASDAQ
SIMA,NASDAQ
SIMAW,NASDAQ
SIMO,NASDAQ
SINT,NASDAQ
SION,NASDAQ
SIRI,NASDAQ
SISI,NASDAQ
SITM,NASDAQ
SJ,NASDAQ
SKBL,NASDAQ
SKIN,NASDAQ
SKK,NASDAQ
SKWD,NASDAQ
SKYE,NASDAQ
SKYQ,NASDAQ
SKYT,NASDAQ
SKYW,NASDAQ
SKYX,NASDAQ
SLAB,NASDAQ
SLDB,NASDAQ
SLDE,NASDAQ
SLDP,NASDAQ
SLDPW,NASDAQ
SLE,NASDAQ
SLGL,NASDAQ
SLM,NASDAQ
SLMBP,NASDAQ
SLN,NASDAQ
SLNG,NASDAQ
SLNH,NASDAQ
SLNHP,NASDAQ
SLNO,NASDAQ
SLP,NASDAQ
SLRC,NASDAQ
SLRX,NASDAQ
SLS,NASDAQ
SLSN,NASDAQ
SLXN,NASDAQ
SLXNW,NASDAQ
SMBC,NASDAQ
SMCI,NASDAQ
SMID,NASDAQ
SMLR,NASDAQ
SMMT,NASDAQ
SMPL,NASDAQ
SMSI,NASDAQ
SMTC,NASDAQ
SMTI,NASDAQ
SMTK,NASDAQ
SMX,NASDAQ
SMXT,NASDAQ
SMXWW,NASDAQ
SNAL,NASDAQ
SNBR,NASDAQ
SNCR,NASDAQ
SNCY,NASDAQ
SND,NASDAQ
SNDK,NASDAQ
SNDL,NASDAQ
SNDX,NASDAQ
SNES,NASDAQ
SNEX,NASDAQ
SNFCA,NASDAQ
SNGX,NASDAQ
SNOA,NASDAQ
SNPS,NASDAQ
SNRE,NASDAQ
SNSE,NASDAQ
SNT,NASDAQ
SNTG,NASDAQ
SNTI,NASDAQ
SNWV,NASDAQ
SNY,NASDAQ
SNYR,NASDAQ
SOBR,NASDAQ
SOFI,NASDAQ
SOGP,NASDAQ
SOHO,NASDAQ
SOHOB,NASDAQ
SOHON,NASDAQ
SOHOO,NASDAQ
SOHU,NASDAQ
SOND,NASDAQ
SONDW,NASDAQ
SONM,NASDAQ
SONN,NASDAQ
SONO,NASDAQ
SOPA,NASDAQ
SOPH,NASDAQ
SORA,NASDAQ
SOTK,NASDAQ
SOUN,NASDAQ
SOUNW,NASDAQ
SOWG,NASDAQ
SPAI,NASDAQ
SPCB,NASDAQ
SPFI,NASDAQ
SPHL,NASDAQ
SPKL,NASDAQ
SPKLW,NASDAQ
SPNS,NASDAQ
SPOK,NASDAQ
SPPL,NASDAQ
SPRC,NASDAQ
SPRO,NASDAQ
SPRY,NASDAQ
SPSC,NASDAQ
SPT,NASDAQ
SPTN,NASDAQ
SPWH,NASDAQ
SPWR,NASDAQ
SPWRW,NASDAQ
SQFT,NASDAQ
SQFTP,NASDAQ
SQFTW,NASDAQ
SRAD,NASDAQ
SRBK,NASDAQ
SRCE,NASDAQ
SRDX,NASDAQ
SRM,NASDAQ
SRPT,NASDAQ
SRRK,NASDAQ
SRTS,NASDAQ
SRZN,NASDAQ
SRZNW,NASDAQ
SSBI,NASDAQ
SSBK,NASDAQ
SSII,NASDAQ
SSKN,NASDAQ
SSNC,NASDAQ
SSP,NASDAQ
SSRM,NASDAQ
SSSS,NASDAQ
SSSSL,NASDAQ
SSTI,NASDAQ
SSYS,NASDAQ
STAA,NASDAQ
STAI,NASDAQ
STAK,NASDAQ
STBA,NASDAQ
STEC,NASDAQ
STEP,NASDAQ
STFS,NASDAQ
STGW,NASDAQ
STHO,NASDAQ
STI,NASDAQ
STIM,NASDAQ
STKH,NASDAQ
STKL,NASDAQ
STKS,NASDAQ
STLD,NASDAQ
STNE,NASDAQ
STOK,NASDAQ
STRA,NASDAQ
STRD,NASDAQ
STRF,NASDAQ
STRK,NASDAQ
STRL,NASDAQ
STRM,NASDAQ
STRO,NASDAQ
STRR,NASDAQ
STRRP,NASDAQ
STRS,NASDAQ
STRT,NASDAQ
STRZ,NASDAQ
STSS,NASDAQ
STSSW,NASDAQ
STTK,NASDAQ
STX,NASDAQ
SUGP,NASDAQ
SUNE,NASDAQ
SUNS,NASDAQ
SUPN,NASDAQ
SUPX,NASDAQ
SURG,NASDAQ
SUUN,NASDAQ
SVC,NASDAQ
SVCC,NASDAQ
SVCCU,NASDAQ
SVCCW,NASDAQ
SVCO,NASDAQ
SVII,NASDAQ
SVIIR,NASDAQ
SVIIW,NASDAQ
SVRA,NASDAQ
SVRE,NASDAQ
SVREW,NASDAQ
SWAG,NASDAQ
SWAGW,NASDAQ
SWBI,NASDAQ
SWIM,NASDAQ
SWIN,NASDAQ
SWKH,NASDAQ
SWKHL,NASDAQ
SWKS,NASDAQ
SWTX,NASDAQ
SWVL,NASDAQ
SWVLW,NASDAQ
SXTC,NASDAQ
SXTP,NASDAQ
SXTPW,NASDAQ
SY,NASDAQ
SYBT,NASDAQ
SYBX,NASDAQ
SYM,NASDAQ
SYNA,NASDAQ
SYPR,NASDAQ
SYRE,NASDAQ
SYTA,NASDAQ
SYTAW,NASDAQ
SZZL,NASDAQ
SZZLR,NASDAQ
SZZLU,NASDAQ
TACH,NASDAQ
TACHU,NASDAQ
TACHW,NASDAQ
TACO,NASDAQ
TACOU,NASDAQ
TACOW,NASDAQ
TACT,NASDAQ
TAIT,NASDAQ
TALK,NASDAQ
TALKW,NASDAQ
TANH,NASDAQ
TAOP,NASDAQ
TAOX,NASDAQ
TARA,NASDAQ
TARS,NASDAQ
TASK,NASDAQ
TATT,NASDAQ
TAVI,NASDAQ
TAYD,NASDAQ
TBBK,NASDAQ
TBCH,NASDAQ
TBH,NASDAQ
TBLA,NASDAQ
TBLAW,NASDAQ
TBLD,NASDAQ
TBMC,NASDAQ
TBMCR,NASDAQ
TBPH,NASDAQ
TBRG,NASDAQ
TC,NASDAQ
TCBI,NASDAQ
TCBIO,NASDAQ
TCBK,NASDAQ
TCBS,NASDAQ
TCBX,NASDAQ
TCMD,NASDAQ
TCOM,NASDAQ
TCPC,NASDAQ
TCRT,NASDAQ
TCRX,NASDAQ
TCX,NASDAQ
TDAC,NASDAQ
TDACW,NASDAQ
TDTH,NASDAQ
TDUP,NASDAQ
TEAD,NASDAQ
TEAM,NASDAQ
TECH,NASDAQ
TECTP,NASDAQ
TECX,NASDAQ
TELA,NASDAQ
TELO,NASDAQ
TEM,NASDAQ
TENB,NASDAQ
TENX,NASDAQ
TER,NASDAQ
TERN,NASDAQ
TFIN,NASDAQ
TFINP,NASDAQ
TFSL,NASDAQ
TGL,NASDAQ
TGTX,NASDAQ
TH,NASDAQ
THAR,NASDAQ
THCH,NASDAQ
THFF,NASDAQ
THRD,NASDAQ
THRM,NASDAQ
THRY,NASDAQ
THTX,NASDAQ
TIGO,NASDAQ
TIGR,NASDAQ
TIL,NASDAQ
TILE,NASDAQ
TIPT,NASDAQ
TIRX,NASDAQ
TITN,NASDAQ
TIVC,NASDAQ
TKLF,NASDAQ
TKNO,NASDAQ
TLF,NASDAQ
TLN,NASDAQ
TLPH,NASDAQ
TLRY,NASDAQ
TLS,NASDAQ
TLSA,NASDAQ
TLSI,NASDAQ
TLX,NASDAQ
TMC,NASDAQ
TMCI,NASDAQ
TMCWW,NASDAQ
TMDX,NASDAQ
TMUS,NASDAQ
TNDM,NASDAQ
TNFA,NASDAQ
TNGX,NASDAQ
TNMG,NASDAQ
TNON,NASDAQ
TNXP,NASDAQ
TNYA,NASDAQ
TOI,NASDAQ
TOIIW,NASDAQ
TOMZ,NASDAQ
TOP,NASDAQ
TORO,NASDAQ
TOUR,NASDAQ
TOWN,NASDAQ
TOYO,NASDAQ
TPCS,NASDAQ
TPG,NASDAQ
TPGXL,NASDAQ
TPIC,NASDAQ
TPST,NASDAQ
TRAW,NASDAQ
TRDA,NASDAQ
TREE,NASDAQ
TRI,NASDAQ
TRIB,NASDAQ
TRIN,NASDAQ
TRINI,NASDAQ
TRINZ,NASDAQ
TRIP,NASDAQ
TRMB,NASDAQ
TRMD,NASDAQ
TRMK,NASDAQ
TRML,NASDAQ
TRNR,NASDAQ
TRNS,NASDAQ
TROO,NASDAQ
TROW,NASDAQ
TRS,NASDAQ
TRSG,NASDAQ
TRST,NASDAQ
TRUE,NASDAQ
TRUG,NASDAQ
TRUP,NASDAQ
TRVG,NASDAQ
TRVI,NASDAQ
TSAT,NASDAQ
TSBK,NASDAQ
TSBX,NASDAQ
TSCO,NASDAQ
TSEM,NASDAQ
TSHA,NASDAQ
TSLA,NASDAQ
TSSI,NASDAQ
TTAN,NASDAQ
TTD,NASDAQ
TTEC,NASDAQ
TTEK,NASDAQ
TTGT,NASDAQ
TTMI,NASDAQ
TTNP,NASDAQ
TTSH,NASDAQ
TTWO,NASDAQ
TURB,NASDAQ
TURN,NASDAQ
TUSK,NASDAQ
TVA,NASDAQ
TVACU,NASDAQ
TVACW,NASDAQ
TVAIU,NASDAQ
TVGN,NASDAQ
TVGNW,NASDAQ
TVRD,NASDAQ
TVTX,NASDAQ
TW,NASDAQ
TWFG,NASDAQ
TWG,NASDAQ
TWIN,NASDAQ
TWNP,NASDAQ
TWST,NASDAQ
TXG,NASDAQ
TXMD,NASDAQ
TXN,NASDAQ
TXRH,NASDAQ
TYGO,NASDAQ
TYRA,NASDAQ
TZOO,NASDAQ
TZUP,NASDAQ
UAL,NASDAQ
UBCP,NASDAQ
UBFO,NASDAQ
UBSI,NASDAQ
UBX,NASDAQ
UBXG,NASDAQ
UCAR,NASDAQ
UCL,NASDAQ
UCTT,NASDAQ
UDMY,NASDAQ
UEIC,NASDAQ
UFCS,NASDAQ
UFG,NASDAQ
UFPI,NASDAQ
UFPT,NASDAQ
UG,NASDAQ
UGRO,NASDAQ
UHG,NASDAQ
UHGWW,NASDAQ
UK,NASDAQ
UKOMW,NASDAQ
ULBI,NASDAQ
ULCC,NASDAQ
ULH,NASDAQ
ULTA,NASDAQ
ULY,NASDAQ
UMBF,NASDAQ
UMBFO,NASDAQ
UMBFP,NASDAQ
UNB,NASDAQ
UNCY,NASDAQ
UNIT,NASDAQ
UNTY,NASDAQ
UOKA,NASDAQ
UONE,NASDAQ
UONEK,NASDAQ
UPB,NASDAQ
UPBD,NASDAQ
UPC,NASDAQ
UPLD,NASDAQ
UPST,NASDAQ
UPWK,NASDAQ
UPXI,NASDAQ
URBN,NASDAQ
URGN,NASDAQ
UROY,NASDAQ
USAR,NASDAQ
USARW,NASDAQ
USAU,NASDAQ
USCB,NASDAQ
USEA,NASDAQ
USEG,NASDAQ
USGO,NASDAQ
USGOW,NASDAQ
USIO,NASDAQ
USLM,NASDAQ
UTHR,NASDAQ
UTMD,NASDAQ
UTSI,NASDAQ
UVSP,NASDAQ
UXIN,NASDAQ
UYSC,NASDAQ
UYSCU,NASDAQ
VABK,NASDAQ
VACH,NASDAQ
VACHU,NASDAQ
VACHW,NASDAQ
VALN,NASDAQ
VALU,NASDAQ
VANI,NASDAQ
VAPE,NASDAQ
VAPEW,NASDAQ
VBIX,NASDAQ
VBNK,NASDAQ
VBTX,NASDAQ
VC,NASDAQ
VCEL,NASDAQ
VCIC,NASDAQ
VCICU,NASDAQ
VCICW,NASDAQ
VCIG,NASDAQ
VCTR,NASDAQ
VCYT,NASDAQ
VECO,NASDAQ
VEEA,NASDAQ
VEEAW,NASDAQ
VEEE,NASDAQ
VEON,NASDAQ
VERA,NASDAQ
VERB,NASDAQ
VERI,NASDAQ
VERO,NASDAQ
VERU,NASDAQ
VERV,NASDAQ
VERX,NASDAQ
VFF,NASDAQ
VFS,NASDAQ
VFSWW,NASDAQ
VGAS,NASDAQ
VGASW,NASDAQ
VIASP,NASDAQ
VIAV,NASDAQ
VICR,NASDAQ
VIGL,NASDAQ
VINP,NASDAQ
VIOT,NASDAQ
VIR,NASDAQ
VIRC,NASDAQ
VITL,NASDAQ
VIVK,NASDAQ
VIVS,NASDAQ
VKTX,NASDAQ
VLCN,NASDAQ
VLGEA,NASDAQ
VLY,NASDAQ
VLYPN,NASDAQ
VLYPO,NASDAQ
VLYPP,NASDAQ
VMAR,NASDAQ
VMD,NASDAQ
VMEO,NASDAQ
VNDA,NASDAQ
VNET,NASDAQ
VNOM,NASDAQ
VOD,NASDAQ
VOR,NASDAQ
VOXR,NASDAQ
VRA,NASDAQ
VRAR,NASDAQ
VRAX,NASDAQ
VRCA,NASDAQ
VRDN,NASDAQ
VREX,NASDAQ
VRM,NASDAQ
VRME,NASDAQ
VRNA,NASDAQ
VRNS,NASDAQ
VRNT,NASDAQ
VRRM,NASDAQ
VRSK,NASDAQ
VRSN,NASDAQ
VRTX,NASDAQ
VS,NASDAQ
VSA,NASDAQ
VSAT,NASDAQ
VSEC,NASDAQ
VSEE,NASDAQ
VSEEW,NASDAQ
VSME,NASDAQ
VSSYW,NASDAQ
VSTA,NASDAQ
VSTM,NASDAQ
VTGN,NASDAQ
VTRS,NASDAQ
VTSI,NASDAQ
VTVT,NASDAQ
VTYX,NASDAQ
VUZI,NASDAQ
VVOS,NASDAQ
VVPR,NASDAQ
VXRT,NASDAQ
VYGR,NASDAQ
VYNE,NASDAQ
WABC,NASDAQ
WAFD,NASDAQ
WAFDP,NASDAQ
WAFU,NASDAQ
WAI,NASDAQ
WALD,NASDAQ
WALDW,NASDAQ
WASH,NASDAQ
WATT,NASDAQ
WAVE,NASDAQ
WAY,NASDAQ
WB,NASDAQ
WBA,NASDAQ
WBD,NASDAQ
WBTN,NASDAQ
WBUY,NASDAQ
WCT,NASDAQ
WDAY,NASDAQ
WDC,NASDAQ
WDFC,NASDAQ
WEN,NASDAQ
WENNU,NASDAQ
WERN,NASDAQ
WEST,NASDAQ
WETH,NASDAQ
WETO,NASDAQ
WEYS,NASDAQ
WFCF,NASDAQ
WFF,NASDAQ
WFRD,NASDAQ
WGRX,NASDAQ
WGS,NASDAQ
WGSWW,NASDAQ
WHF,NASDAQ
WHFCL,NASDAQ
WHLR,NASDAQ
WHLRD,NASDAQ
WHLRL,NASDAQ
WHLRP,NASDAQ
WHWK,NASDAQ
WILC,NASDAQ
WIMI,NASDAQ
WINA,NASDAQ
WING,NASDAQ
WINT,NASDAQ
WIX,NASDAQ
WKEY,NASDAQ
WKHS,NASDAQ
WKSP,NASDAQ
WLAC,NASDAQ
WLACU,NASDAQ
WLACW,NASDAQ
WLDN,NASDAQ
WLDS,NASDAQ
WLDSW,NASDAQ
WLFC,NASDAQ
WLGS,NASDAQ
WMG,NASDAQ
WNEB,NASDAQ
WNW,NASDAQ
WOK,NASDAQ
WOOF,NASDAQ
WORX,NASDAQ
WPRT,NASDAQ
WRAP,NASDAQ
WRD,NASDAQ
WRLD,NASDAQ
WSBC,NASDAQ
WSBCP,NASDAQ
WSBF,NASDAQ
WSBK,NASDAQ
WSC,NASDAQ
WSFS,NASDAQ
WTBA,NASDAQ
WTF,NASDAQ
WTFC,NASDAQ
WTFCM,NASDAQ
WTFCN,NASDAQ
WTFCP,NASDAQ
WTGUU,NASDAQ
WTO,NASDAQ
WTW,NASDAQ
WULF,NASDAQ
WVE,NASDAQ
WVVI,NASDAQ
WVVIP,NASDAQ
WWD,NASDAQ
WXM,NASDAQ
WYHG,NASDAQ
WYNN,NASDAQ
XAGE,NASDAQ
XAGEW,NASDAQ
XAIR,NASDAQ
XBIO,NASDAQ
XBIT,NASDAQ
XBP,NASDAQ
XBPEW,NASDAQ
XCH,NASDAQ
XCUR,NASDAQ
XEL,NASDAQ
XELB,NASDAQ
XENE,NASDAQ
XERS,NASDAQ
XFOR,NASDAQ
XGN,NASDAQ
XHG,NASDAQ
XHLD,NASDAQ
XLO,NASDAQ
XMTR,NASDAQ
XNCR,NASDAQ
XNET,NASDAQ
XOMA,NASDAQ
XOMAO,NASDAQ
XOMAP,NASDAQ
XOS,NASDAQ
XOSWW,NASDAQ
XP,NASDAQ
XPEL,NASDAQ
XPON,NASDAQ
XRAY,NASDAQ
XRTX,NASDAQ
XRX,NASDAQ
XTIA,NASDAQ
XTKG,NASDAQ
XTLB,NASDAQ
XWEL,NASDAQ
XXII,NASDAQ
XYLO,NASDAQ
YAAS,NASDAQ
YB,NASDAQ
YGMZ,NASDAQ
YHC,NASDAQ
YHGJ,NASDAQ
YHNA,NASDAQ
YHNAR,NASDAQ
YI,NASDAQ
YIBO,NASDAQ
YJ,NASDAQ
YMAB,NASDAQ
YORKU,NASDAQ
YORW,NASDAQ
YOSH,NASDAQ
YQ,NASDAQ
YSXT,NASDAQ
YTRA,NASDAQ
YXT,NASDAQ
YYAI,NASDAQ
YYGH,NASDAQ
Z,NASDAQ
ZBAI,NASDAQ
ZBAO,NASDAQ
ZBIO,NASDAQ
ZBRA,NASDAQ
ZCMD,NASDAQ
ZD,NASDAQ
ZDAI,NASDAQ
ZENA,NASDAQ
ZENV,NASDAQ
ZEO,NASDAQ
ZEOWW,NASDAQ
ZEUS,NASDAQ
ZG,NASDAQ
ZIMV,NASDAQ
ZION,NASDAQ
ZIONP,NASDAQ
ZJK,NASDAQ
ZJYL,NASDAQ
ZKIN,NASDAQ
ZLAB,NASDAQ
ZM,NASDAQ
ZNTL,NASDAQ
ZOOZ,NASDAQ
ZOOZW,NASDAQ
ZS,NASDAQ
ZSPC,NASDAQ
ZTEK,NASDAQ
ZUMZ,NASDAQ
ZURA,NASDAQ
ZVRA,NASDAQ
ZVSA,NASDAQ
ZYBT,NASDAQ
ZYME,NASDAQ
ZYXI,NASDAQ
A,NYSE
AA,NYSE
AACT,NYSE
AAM,NYSE
AAMI,NYSE
AAP,NYSE
AAT,NYSE
AAUC,NYSE
AB,NYSE
ABBV,NYSE
ABCB,NYSE
ABEV,NYSE
ABG,NYSE
ABM,NYSE
ABR,NYSE
D,NYSE
E,NYSE
F,NYSE
ABT,NYSE
AC,NYSE
ACA,NYSE
ACCO,NYSE
ACEL,NYSE
ACHR,NYSE
ACI,NYSE
ACM,NYSE
ACN,NYSE
ACP,NYSE
ACR,NYSE
C,NYSE
ACRE,NYSE
ACV,NYSE
ACVA,NYSE
ADC,NYSE
ADCT,NYSE
ADM,NYSE
ADNT,NYSE
ADT,NYSE
ADX,NYSE
AEE,NYSE
AEFC,NYSE
AEG,NYSE
AEM,NYSE
AEO,NYSE
AER,NYSE
AES,NYSE
AESI,NYSE
AFB,NYSE
AFG,NYSE
AFGB,NYSE
AFGC,NYSE
AFGD,NYSE
AFGE,NYSE
AFL,NYSE
AG,NYSE
AGCO,NYSE
AGD,NYSE
AGI,NYSE
AGL,NYSE
AGM,NYSE
G,NYSE
AGO,NYSE
AGRO,NYSE
AGX,NYSE
AHH,NYSE
AHL,NYSE
AHR,NYSE
AHT,NYSE
H,NYSE
I,NYSE
AI,NYSE
AIG,NYSE
AII,NYSE
AIN,NYSE
AIO,NYSE
AIR,NYSE
AIT,NYSE
AIV,NYSE
AIZ,NYSE
AIZN,NYSE
AJG,NYSE
AKA,NYSE
AKO,NYSE
B,NYSE
AKR,NYSE
AL,NYSE
ALB,NYSE
ALC,NYSE
ALE,NYSE
ALEX,NYSE
ALG,NYSE
ALIT,NYSE
ALK,NYSE
ALL,NYSE
J,NYSE
ALLE,NYSE
ALLY,NYSE
ALSN,NYSE
ALTG,NYSE
ALUR,NYSE
ALV,NYSE
ALX,NYSE
AM,NYSE
AMBC,NYSE
AMBP,NYSE
AMC,NYSE
AMCR,NYSE
AME,NYSE
AMG,NYSE
AMH,NYSE
AMN,NYSE
AMP,NYSE
AMPX,NYSE
AMPY,NYSE
AMR,NYSE
AMRC,NYSE
AMRZ,NYSE
AMT,NYSE
AMTB,NYSE
AMTD,NYSE
AMTM,NYSE
AMWL,NYSE
AMX,NYSE
AN,NYSE
ANET,NYSE
ANF,NYSE
ANG,NYSE
ANRO,NYSE
ANVS,NYSE
AOD,NYSE
AOMD,NYSE
AOMN,NYSE
AOMR,NYSE
AON,NYSE
AORT,NYSE
AOS,NYSE
AP,NYSE
APAM,NYSE
APD,NYSE
APG,NYSE
APH,NYSE
APLE,NYSE
APO,NYSE
APOS,NYSE
APTV,NYSE
AQN,NYSE
AQNB,NYSE
AR,NYSE
ARCO,NYSE
ARDC,NYSE
ARDT,NYSE
ARE,NYSE
ARES,NYSE
ARGD,NYSE
ARGO,NYSE
ARI,NYSE
ARIS,NYSE
ARL,NYSE
ARLO,NYSE
ARMK,NYSE
AROC,NYSE
ARR,NYSE
ARW,NYSE
AS,NYSE
ASA,NYSE
ASAN,NYSE
ASB,NYSE
ASBA,NYSE
ASC,NYSE
ASG,NYSE
ASGI,NYSE
ASGN,NYSE
ASH,NYSE
ASIC,NYSE
ASIX,NYSE
ASPN,NYSE
ASR,NYSE
ASX,NYSE
ATCO,NYSE
ATEN,NYSE
ATGE,NYSE
ATH,NYSE
ATHM,NYSE
ATHS,NYSE
ATI,NYSE
ATKR,NYSE
ATMU,NYSE
ATO,NYSE
ATR,NYSE
ATS,NYSE
ATUS,NYSE
AU,NYSE
AUB,NYSE
AUNA,NYSE
AVA,NYSE
AVAL,NYSE
AVB,NYSE
AVD,NYSE
AVK,NYSE
AVNS,NYSE
AVNT,NYSE
AVTR,NYSE
AVY,NYSE
AWF,NYSE
AWI,NYSE
AWK,NYSE
AWP,NYSE
AWR,NYSE
AX,NYSE
AXL,NYSE
AXP,NYSE
AXR,NYSE
AXS,NYSE
AXTA,NYSE
AYI,NYSE
AZO,NYSE
AZZ,NYSE
BA,NYSE
BABA,NYSE
BAC,NYSE
K,NYSE
L,NYSE
M,NYSE
N,NYSE
O,NYSE
P,NYSE
Q,NYSE
S,NYSE
BAH,NYSE
BAK,NYSE
BALL,NYSE
BALY,NYSE
BAM,NYSE
BANC,NYSE
BAP,NYSE
BARK,NYSE
BAX,NYSE
BB,NYSE
BBAI,NYSE
BBAR,NYSE
BBD,NYSE
BBDC,NYSE
BBDO,NYSE
BBN,NYSE
BBU,NYSE
BBUC,NYSE
BBVA,NYSE
BBW,NYSE
BBWI,NYSE
BBY,NYSE
BC,NYSE
BCAT,NYSE
BCC,NYSE
BCE,NYSE
BCH,NYSE
BCO,NYSE
BCS,NYSE
BCSF,NYSE
BCX,NYSE
BDC,NYSE
BDJ,NYSE
BDN,NYSE
BDX,NYSE
BE,NYSE
BEDU,NYSE
BEKE,NYSE
BEN,NYSE
BEP,NYSE
BEPC,NYSE
BEPH,NYSE
BEPI,NYSE
BEPJ,NYSE
BF,NYSE
BFAM,NYSE
BFH,NYSE
BFK,NYSE
BFLY,NYSE
BFS,NYSE
BFZ,NYSE
BG,NYSE
BGB,NYSE
BGH,NYSE
BGR,NYSE
BGS,NYSE
BGSF,NYSE
BGT,NYSE
BGX,NYSE
BGY,NYSE
BH,NYSE
BHC,NYSE
BHE,NYSE
BHK,NYSE
BHLB,NYSE
BHP,NYSE
BHR,NYSE
BHV,NYSE
BHVN,NYSE
BILL,NYSE
BIO,NYSE
BIP,NYSE
BIPC,NYSE
BIPH,NYSE
BIPI,NYSE
BIPJ,NYSE
BIRK,NYSE
BIT,NYSE
BJ,NYSE
BK,NYSE
BKD,NYSE
BKE,NYSE
BKH,NYSE
BKKT,NYSE
BKN,NYSE
BKSY,NYSE
BKT,NYSE
BKU,NYSE
BKV,NYSE
BLCO,NYSE
BLD,NYSE
BLDR,NYSE
BLE,NYSE
BLK,NYSE
BLND,NYSE
BLW,NYSE
BLX,NYSE
BMA,NYSE
BME,NYSE
BMEZ,NYSE
BMI,NYSE
BML,NYSE
BMN,NYSE
BMO,NYSE
BMY,NYSE
BN,NYSE
BNED,NYSE
BNH,NYSE
BNJ,NYSE
BNL,NYSE
BNS,NYSE
BNT,NYSE
BNY,NYSE
BOC,NYSE
BODI,NYSE
BOE,NYSE
BOH,NYSE
BOOT,NYSE
BORR,NYSE
BOW,NYSE
BOX,NYSE
BP,NYSE
BR,NYSE
BRBR,NYSE
BRC,NYSE
BRCC,NYSE
BRDG,NYSE
BRFS,NYSE
BRK,NYSE
BRO,NYSE
BROS,NYSE
BRSP,NYSE
BRT,NYSE
BRW,NYSE
BRX,NYSE
BSAC,NYSE
BSBR,NYSE
BSL,NYSE
BSM,NYSE
BST,NYSE
BSTZ,NYSE
BSX,NYSE
BTA,NYSE
BTCM,NYSE
BTE,NYSE
BTI,NYSE
BTO,NYSE
BTT,NYSE
BTU,NYSE
BTX,NYSE
BTZ,NYSE
BUD,NYSE
BUI,NYSE
BUR,NYSE
BURL,NYSE
BV,NYSE
BVN,NYSE
BW,NYSE
BWA,NYSE
BWG,NYSE
BWLP,NYSE
BWMX,NYSE
BWNB,NYSE
BWSN,NYSE
BWXT,NYSE
BX,NYSE
BXC,NYSE
BXMT,NYSE
BXMX,NYSE
BXP,NYSE
BXSL,NYSE
BY,NYSE
BYD,NYSE
BYM,NYSE
BYON,NYSE
BZH,NYSE
CAAP,NYSE
CABO,NYSE
CACI,NYSE
CADE,NYSE
CAE,NYSE
CAF,NYSE
CAG,NYSE
CAH,NYSE
CAL,NYSE
CALX,NYSE
CANG,NYSE
CAPL,NYSE
CARR,NYSE
CARS,NYSE
CAT,NYSE
CATO,NYSE
CAVA,NYSE
CB,NYSE
CBAN,NYSE
CBL,NYSE
CBNA,NYSE
CBRE,NYSE
CBT,NYSE
CBU,NYSE
CBZ,NYSE
CC,NYSE
CCI,NYSE
CCIA,NYSE
CCIF,NYSE
CCJ,NYSE
CCK,NYSE
CCL,NYSE
CCM,NYSE
CCO,NYSE
CCRD,NYSE
CCS,NYSE
CCU,NYSE
CCZ,NYSE
CDE,NYSE
CDLR,NYSE
CDP,NYSE
CDR,NYSE
CDRE,NYSE
CE,NYSE
CEE,NYSE
CEPU,NYSE
CF,NYSE
CFG,NYSE
CFR,NYSE
CGAU,NYSE
CHCT,NYSE
CHD,NYSE
CHE,NYSE
CHGG,NYSE
CHH,NYSE
CHMI,NYSE
CHN,NYSE
CHPT,NYSE
CHT,NYSE
CHWY,NYSE
CI,NYSE
CIA,NYSE
CIB,NYSE
CICB,NYSE
CIEN,NYSE
CIF,NYSE
CIG,NYSE
CII,NYSE
CIM,NYSE
CIMN,NYSE
CIMO,NYSE
CINT,NYSE
CIO,NYSE
CION,NYSE
CIVI,NYSE
CL,NYSE
CLB,NYSE
CLBR,NYSE
CLCO,NYSE
CLDT,NYSE
CLF,NYSE
CLH,NYSE
CLPR,NYSE
CLS,NYSE
CLVT,NYSE
CLW,NYSE
CLX,NYSE
CM,NYSE
CMA,NYSE
CMBT,NYSE
CMC,NYSE
CMCM,NYSE
CMDB,NYSE
CMG,NYSE
CMI,NYSE
CMP,NYSE
CMRE,NYSE
CMS,NYSE
CMSA,NYSE
CMSC,NYSE
CMSD,NYSE
CMTG,NYSE
CMU,NYSE
CNA,NYSE
CNC,NYSE
CNF,NYSE
CNH,NYSE
CNI,NYSE
CNK,NYSE
CNM,NYSE
CNMD,NYSE
CNNE,NYSE
CNO,NYSE
CNP,NYSE
CNQ,NYSE
CNR,NYSE
CNS,NYSE
CNX,NYSE
CODI,NYSE
COF,NYSE
COHR,NYSE
COLD,NYSE
COMP,NYSE
CON,NYSE
COOK,NYSE
COP,NYSE
COPL,NYSE
COR,NYSE
COTY,NYSE
COUR,NYSE
CP,NYSE
CPA,NYSE
CPAC,NYSE
CPAY,NYSE
CPF,NYSE
CPK,NYSE
CPNG,NYSE
CPRI,NYSE
CPS,NYSE
CPT,NYSE
CQP,NYSE
CR,NYSE
CRBD,NYSE
CRBG,NYSE
CRC,NYSE
CRCL,NYSE
CRD,NYSE
CRGY,NYSE
CRH,NYSE
CRI,NYSE
CRK,NYSE
CRL,NYSE
CRM,NYSE
CRS,NYSE
CRT,NYSE
CSAN,NYSE
CSL,NYSE
CSR,NYSE
CSTM,NYSE
CSV,NYSE
CSW,NYSE
CTA,NYSE
CTBB,NYSE
CTDD,NYSE
CTEV,NYSE
CTO,NYSE
CTOS,NYSE
CTRA,NYSE
CTRE,NYSE
CTRI,NYSE
CTS,NYSE
CTVA,NYSE
CUBB,NYSE
CUBE,NYSE
CUBI,NYSE
CUK,NYSE
CULP,NYSE
CURB,NYSE
CURV,NYSE
CUZ,NYSE
CVE,NYSE
CVEO,NYSE
CVI,NYSE
CVLG,NYSE
CVNA,NYSE
CVS,NYSE
CVX,NYSE
CW,NYSE
CWAN,NYSE
CWEN,NYSE
CWH,NYSE
CWK,NYSE
CWT,NYSE
CX,NYSE
CXE,NYSE
CXH,NYSE
CXM,NYSE
CXT,NYSE
CXW,NYSE
CYD,NYSE
CYH,NYSE
DAC,NYSE
DAL,NYSE
DAN,NYSE
DAO,NYSE
DAR,NYSE
DAVA,NYSE
DAY,NYSE
DB,NYSE
DBD,NYSE
DBI,NYSE
DBL,NYSE
DBRG,NYSE
DCI,NYSE
DCO,NYSE
DD,NYSE
DDD,NYSE
DDL,NYSE
DDS,NYSE
DDT,NYSE
DE,NYSE
DEA,NYSE
DEC,NYSE
DECK,NYSE
DEI,NYSE
DELL,NYSE
DEO,NYSE
DFH,NYSE
DFIN,NYSE
DFP,NYSE
DG,NYSE
DGX,NYSE
DHF,NYSE
DHI,NYSE
DHR,NYSE
DHT,NYSE
DHX,NYSE
DIAX,NYSE
DIN,NYSE
DINO,NYSE
DIS,NYSE
DK,NYSE
DKL,NYSE
DKS,NYSE
DLB,NYSE
DLNG,NYSE
DLR,NYSE
DLX,NYSE
DLY,NYSE
DMA,NYSE
DMB,NYSE
DMO,NYSE
DNA,NYSE
DNB,NYSE
DNOW,NYSE
DNP,NYSE
DOC,NYSE
DOCN,NYSE
DOCS,NYSE
DOLE,NYSE
DOUG,NYSE
DOV,NYSE
DOW,NYSE
DPG,NYSE
DQ,NYSE
DRD,NYSE
DRH,NYSE
DRI,NYSE
DSL,NYSE
DSM,NYSE
DSU,NYSE
DSX,NYSE
DT,NYSE
DTB,NYSE
DTE,NYSE
DTF,NYSE
DTG,NYSE
DTM,NYSE
DTW,NYSE
DUK,NYSE
DUKB,NYSE
DV,NYSE
DVA,NYSE
DVN,NYSE
DX,NYSE
DXC,NYSE
DXYZ,NYSE
DY,NYSE
EAF,NYSE
EAI,NYSE
EARN,NYSE
EAT,NYSE
EB,NYSE
EBF,NYSE
EBR,NYSE
EBS,NYSE
EC,NYSE
ECAT,NYSE
ECC,NYSE
ECCC,NYSE
ECCF,NYSE
ECCU,NYSE
ECCV,NYSE
ECCW,NYSE
ECCX,NYSE
ECG,NYSE
ECL,NYSE
ECO,NYSE
ECVT,NYSE
ED,NYSE
EDD,NYSE
EDF,NYSE
EDN,NYSE
EDU,NYSE
EE,NYSE
EEA,NYSE
EEX,NYSE
EFC,NYSE
EFR,NYSE
EFT,NYSE
EFX,NYSE
EFXT,NYSE
EG,NYSE
EGO,NYSE
EGP,NYSE
EGY,NYSE
EHAB,NYSE
EHC,NYSE
EHI,NYSE
EIC,NYSE
EICA,NYSE
EICB,NYSE
EICC,NYSE
EIG,NYSE
EIIA,NYSE
EIX,NYSE
EL,NYSE
ELAN,NYSE
ELC,NYSE
ELF,NYSE
ELME,NYSE
ELP,NYSE
ELPC,NYSE
ELS,NYSE
ELV,NYSE
EMA,NYSE
EMD,NYSE
EME,NYSE
EMF,NYSE
EMN,NYSE
EMO,NYSE
EMP,NYSE
EMR,NYSE
ENB,NYSE
ENFY,NYSE
ENIC,NYSE
ENJ,NYSE
ENO,NYSE
ENOV,NYSE
ENR,NYSE
ENS,NYSE
ENVA,NYSE
EOD,NYSE
EOG,NYSE
EOI,NYSE
EOS,NYSE
EOT,NYSE
EP,NYSE
EPAC,NYSE
EPAM,NYSE
EPC,NYSE
EPD,NYSE
EPR,NYSE
EPRT,NYSE
EQBK,NYSE
EQH,NYSE
EQNR,NYSE
EQR,NYSE
EQS,NYSE
EQT,NYSE
EQV,NYSE
ERJ,NYSE
ERO,NYSE
ES,NYSE
ESAB,NYSE
ESE,NYSE
ESI,NYSE
ESNT,NYSE
ESRT,NYSE
ESS,NYSE
ESTC,NYSE
ET,NYSE
ETB,NYSE
ETD,NYSE
ETG,NYSE
ETI,NYSE
ETJ,NYSE
ETN,NYSE
ETO,NYSE
ETR,NYSE
ETV,NYSE
ETW,NYSE
ETWO,NYSE
ETX,NYSE
ETY,NYSE
EVC,NYSE
EVEX,NYSE
EVF,NYSE
EVG,NYSE
EVH,NYSE
EVN,NYSE
EVR,NYSE
EVT,NYSE
EVTC,NYSE
EVTL,NYSE
EW,NYSE
EXG,NYSE
EXK,NYSE
EXP,NYSE
EXPD,NYSE
EXR,NYSE
FAF,NYSE
FBIN,NYSE
FBK,NYSE
FBP,NYSE
FBRT,NYSE
FC,NYSE
FCF,NYSE
FCN,NYSE
FCPT,NYSE
FCRX,NYSE
FCT,NYSE
FCX,NYSE
FDP,NYSE
FDX,NYSE
FE,NYSE
FEDU,NYSE
FENG,NYSE
FERG,NYSE
FET,NYSE
FF,NYSE
FFA,NYSE
FFC,NYSE
FFWM,NYSE
FG,NYSE
FGN,NYSE
FGSN,NYSE
FHI,NYSE
FHN,NYSE
FI,NYSE
FICO,NYSE
FIGS,NYSE
FIHL,NYSE
FINS,NYSE
FINV,NYSE
FIS,NYSE
FIX,NYSE
FL,NYSE
FLC,NYSE
FLG,NYSE
U,NYSE
FLNG,NYSE
FLO,NYSE
FLOC,NYSE
FLR,NYSE
FLS,NYSE
FLUT,NYSE
FMC,NYSE
FMN,NYSE
FMS,NYSE
FMX,NYSE
FMY,NYSE
FN,NYSE
FNB,NYSE
FND,NYSE
FNF,NYSE
FNV,NYSE
FOA,NYSE
FOF,NYSE
FOR,NYSE
FOUR,NYSE
FPF,NYSE
FPH,NYSE
FPI,NYSE
FR,NYSE
FRA,NYSE
FRGE,NYSE
FRO,NYSE
FRT,NYSE
FSCO,NYSE
FSK,NYSE
FSLY,NYSE
FSM,NYSE
FSS,NYSE
FT,NYSE
FTHY,NYSE
FTI,NYSE
FTK,NYSE
FTS,NYSE
FTV,NYSE
FUBO,NYSE
FUL,NYSE
FUN,NYSE
FVR,NYSE
FVRR,NYSE
GAB,NYSE
GAM,NYSE
GAP,NYSE
GATX,NYSE
GB,NYSE
GBAB,NYSE
GBCI,NYSE
GBLI,NYSE
GBTG,NYSE
GBX,NYSE
GCI,NYSE
GCO,NYSE
GCTS,NYSE
GCV,NYSE
GD,NYSE
GDDY,NYSE
GDL,NYSE
GDO,NYSE
GDOT,NYSE
GDV,NYSE
GE,NYSE
GEF,NYSE
GEL,NYSE
GENI,NYSE
GEO,NYSE
GES,NYSE
GETY,NYSE
GEV,NYSE
GF,NYSE
GFF,NYSE
GFI,NYSE
GFL,NYSE
GFR,NYSE
GGB,NYSE
GGG,NYSE
GGT,NYSE
GGZ,NYSE
GHC,NYSE
GHG,NYSE
GHI,NYSE
GHLD,NYSE
GHM,NYSE
GHY,NYSE
GIB,NYSE
GIC,NYSE
GIL,NYSE
GIS,NYSE
GJH,NYSE
GJO,NYSE
GJR,NYSE
GJS,NYSE
GJT,NYSE
GKOS,NYSE
GL,NYSE
GLOB,NYSE
GLOP,NYSE
GLP,NYSE
GLW,NYSE
GM,NYSE
GME,NYSE
GMED,NYSE
GMRE,NYSE
GMS,NYSE
GNE,NYSE
GNK,NYSE
GNL,NYSE
GNRC,NYSE
GNT,NYSE
GNTY,NYSE
GNW,NYSE
GOF,NYSE
GOLF,NYSE
GOOS,NYSE
GOTU,NYSE
GPC,NYSE
GPI,NYSE
GPJA,NYSE
GPK,NYSE
GPMT,NYSE
GPN,NYSE
GPOR,NYSE
GPRK,NYSE
GRBK,NYSE
GRC,NYSE
GRDN,NYSE
GRMN,NYSE
GRND,NYSE
GRNT,NYSE
GROV,NYSE
GRX,NYSE
GS,NYSE
GSBD,NYSE
GSK,NYSE
GSL,NYSE
GTES,NYSE
GTLS,NYSE
GTN,NYSE
GTY,NYSE
GUG,NYSE
GUT,NYSE
GVA,NYSE
GWH,NYSE
GWRE,NYSE
GWW,NYSE
GXO,NYSE
HAE,NYSE
HAFN,NYSE
HAL,NYSE
HASI,NYSE
HAYW,NYSE
HBB,NYSE
HBI,NYSE
HBM,NYSE
HCA,NYSE
HCC,NYSE
HCI,NYSE
HCXY,NYSE
HD,NYSE
HDB,NYSE
HE,NYSE
HEI,NYSE
HEQ,NYSE
HES,NYSE
HESM,NYSE
HFRO,NYSE
HG,NYSE
HGLB,NYSE
HGTY,NYSE
HGV,NYSE
HHH,NYSE
HI,NYSE
HIG,NYSE
HII,NYSE
HIMS,NYSE
HIO,NYSE
HIPO,NYSE
HIW,NYSE
HIX,NYSE
HKD,NYSE
HL,NYSE
HLF,NYSE
HLI,NYSE
HLIO,NYSE
HLLY,NYSE
HLN,NYSE
HLT,NYSE
HLX,NYSE
HMC,NYSE
HMN,NYSE
HMY,NYSE
HNGE,NYSE
HNI,NYSE
HOG,NYSE
HOMB,NYSE
HOUS,NYSE
HOV,NYSE
HP,NYSE
HPE,NYSE
HPF,NYSE
HPI,NYSE
HPP,NYSE
HPQ,NYSE
HPS,NYSE
HQH,NYSE
HQL,NYSE
HR,NYSE
HRB,NYSE
HRI,NYSE
HRL,NYSE
HRTG,NYSE
HSBC,NYSE
HSHP,NYSE
HSY,NYSE
HTB,NYSE
HTD,NYSE
HTFB,NYSE
HTFC,NYSE
HTGC,NYSE
HTH,NYSE
HUBB,NYSE
HUBS,NYSE
HUM,NYSE
HUN,NYSE
HUYA,NYSE
HVT,NYSE
HWM,NYSE
HXL,NYSE
HY,NYSE
HYAC,NYSE
HYI,NYSE
HYT,NYSE
HZO,NYSE
IAE,NYSE
IAG,NYSE
IBM,NYSE
IBN,NYSE
IBP,NYSE
IBTA,NYSE
ICE,NYSE
ICL,NYSE
ICR,NYSE
IDA,NYSE
IDE,NYSE
IDT,NYSE
IEX,NYSE
IFF,NYSE
IFN,NYSE
IFS,NYSE
IGA,NYSE
IGD,NYSE
IGI,NYSE
IGR,NYSE
IGT,NYSE
IH,NYSE
IHD,NYSE
IHG,NYSE
IHS,NYSE
IIF,NYSE
IIIN,NYSE
IIM,NYSE
IIPR,NYSE
IMAX,NYSE
INFA,NYSE
INFY,NYSE
ING,NYSE
INGM,NYSE
INGR,NYSE
INN,NYSE
INR,NYSE
INSP,NYSE
INSW,NYSE
INVH,NYSE
INVX,NYSE
IONQ,NYSE
IOT,NYSE
IP,NYSE
IPG,NYSE
IPI,NYSE
IQI,NYSE
IQV,NYSE
IR,NYSE
IRM,NYSE
IRS,NYSE
IRT,NYSE
ISD,NYSE
IT,NYSE
ITGR,NYSE
ITT,NYSE
ITUB,NYSE
ITW,NYSE
IVR,NYSE
IVT,NYSE
IVZ,NYSE
IX,NYSE
JACS,NYSE
JBGS,NYSE
JBI,NYSE
JBK,NYSE
JBL,NYSE
JBS,NYSE
JBTM,NYSE
JCE,NYSE
JCI,NYSE
JEF,NYSE
JELD,NYSE
JEQ,NYSE
JFR,NYSE
JGH,NYSE
JHG,NYSE
JHI,NYSE
JHS,NYSE
JHX,NYSE
JILL,NYSE
JKS,NYSE
JLL,NYSE
JLS,NYSE
JMIA,NYSE
JMM,NYSE
JNJ,NYSE
JNPR,NYSE
JOBY,NYSE
JOE,NYSE
JOF,NYSE
JPC,NYSE
JPI,NYSE
JPM,NYSE
JQC,NYSE
JRI,NYSE
JRS,NYSE
JXN,NYSE
KAI,NYSE
KAR,NYSE
KB,NYSE
KBDC,NYSE
KBH,NYSE
KBR,NYSE
KD,NYSE
KEN,NYSE
KEP,NYSE
KEX,NYSE
KEY,NYSE
KEYS,NYSE
KF,NYSE
KFRC,NYSE
KFS,NYSE
KFY,NYSE
KGC,NYSE
KGS,NYSE
KIM,NYSE
KIND,NYSE
KIO,NYSE
KKR,NYSE
KKRS,NYSE
KKRT,NYSE
KLC,NYSE
KLG,NYSE
KMI,NYSE
KMPB,NYSE
KMPR,NYSE
KMT,NYSE
KMX,NYSE
KN,NYSE
KNF,NYSE
KNOP,NYSE
KNSL,NYSE
KNTK,NYSE
KNX,NYSE
KO,NYSE
KODK,NYSE
KOF,NYSE
KOP,NYSE
KORE,NYSE
KOS,NYSE
KR,NYSE
KRC,NYSE
KREF,NYSE
KRG,NYSE
KRMN,NYSE
KRO,NYSE
KRP,NYSE
KSS,NYSE
KT,NYSE
KTB,NYSE
KTF,NYSE
KTH,NYSE
KTN,NYSE
KUKE,NYSE
KVUE,NYSE
KVYO,NYSE
KW,NYSE
KWR,NYSE
KYN,NYSE
LAC,NYSE
LAD,NYSE
LADR,NYSE
LANV,NYSE
LAR,NYSE
LAW,NYSE
LAZ,NYSE
LB,NYSE
LBRT,NYSE
LC,NYSE
LCII,NYSE
LDI,NYSE
LDOS,NYSE
LDP,NYSE
LEA,NYSE
LEG,NYSE
LEN,NYSE
LEO,NYSE
LEVI,NYSE
LFT,NYSE
LGI,NYSE
LH,NYSE
LHX,NYSE
LII,NYSE
LION,NYSE
LITB,NYSE
LLY,NYSE
LMND,NYSE
LMT,NYSE
LNC,NYSE
LND,NYSE
LNG,NYSE
LNN,NYSE
LOAR,NYSE
LOB,NYSE
LOCL,NYSE
LOMA,NYSE
LOW,NYSE
LPG,NYSE
LPL,NYSE
LPX,NYSE
LRN,NYSE
LSPD,NYSE
LTC,NYSE
LTH,NYSE
LTM,NYSE
LU,NYSE
LUCK,NYSE
LUMN,NYSE
LUV,NYSE
LUXE,NYSE
LVS,NYSE
LVWR,NYSE
LW,NYSE
LXP,NYSE
LXU,NYSE
LYB,NYSE
LYG,NYSE
LYV,NYSE
LZB,NYSE
LZM,NYSE
MA,NYSE
MAA,NYSE
MAC,NYSE
MAGN,NYSE
MAIN,NYSE
MAN,NYSE
MANU,NYSE
MAS,NYSE
MATV,NYSE
MATX,NYSE
MAV,NYSE
MAX,NYSE
MBC,NYSE
MBI,NYSE
MC,NYSE
MCB,NYSE
MCD,NYSE
MCI,NYSE
MCK,NYSE
MCN,NYSE
MCO,NYSE
MCR,NYSE
MCS,NYSE
MCY,NYSE
MD,NYSE
MDT,NYSE
MDU,NYSE
MDV,NYSE
MEC,NYSE
MED,NYSE
MEG,NYSE
MEGI,NYSE
MEI,NYSE
MER,NYSE
MET,NYSE
MFA,NYSE
MFAN,NYSE
MFAO,NYSE
MFC,NYSE
MFG,NYSE
MFM,NYSE
MG,NYSE
MGA,NYSE
MGF,NYSE
MGM,NYSE
MGR,NYSE
MGRB,NYSE
MGRD,NYSE
MGRE,NYSE
MGY,NYSE
MHD,NYSE
MHF,NYSE
MHI,NYSE
MHK,NYSE
MHLA,NYSE
MHN,NYSE
MHNC,NYSE
MHO,NYSE
MIN,NYSE
MIO,NYSE
MIR,NYSE
MITN,NYSE
MITP,NYSE
MITT,NYSE
MIY,NYSE
MKC,NYSE
MKL,NYSE
MLI,NYSE
MLM,NYSE
MLNK,NYSE
MLP,NYSE
MLR,NYSE
MMC,NYSE
MMD,NYSE
MMI,NYSE
MMM,NYSE
MMS,NYSE
MMT,NYSE
MMU,NYSE
MNR,NYSE
MNSO,NYSE
MNTN,NYSE
MO,NYSE
MOD,NYSE
MODG,NYSE
MOGU,NYSE
MOH,NYSE
MOS,NYSE
MOV,NYSE
MP,NYSE
MPA,NYSE
MPC,NYSE
MPLX,NYSE
MPV,NYSE
MPW,NYSE
MPX,NYSE
MQT,NYSE
MQY,NYSE
MRC,NYSE
MRK,NYSE
MRP,NYSE
MS,NYSE
MSA,NYSE
MSB,NYSE
MSC,NYSE
MSCI,NYSE
MSD,NYSE
MSDL,NYSE
MSGE,NYSE
MSGS,NYSE
MSI,NYSE
MSIF,NYSE
MSM,NYSE
MT,NYSE
MTAL,NYSE
MTB,NYSE
MTD,NYSE
MTDR,NYSE
MTG,NYSE
MTH,NYSE
MTN,NYSE
MTR,NYSE
MTRN,NYSE
MTUS,NYSE
MTW,NYSE
MTX,NYSE
MTZ,NYSE
MUA,NYSE
MUC,NYSE
MUE,NYSE
MUFG,NYSE
MUJ,NYSE
MUR,NYSE
MUSA,NYSE
MUX,NYSE
MVF,NYSE
MVO,NYSE
MVT,NYSE
MWA,NYSE
MX,NYSE
MXE,NYSE
MXF,NYSE
MYD,NYSE
MYE,NYSE
MYI,NYSE
MYN,NYSE
NABL,NYSE
NAC,NYSE
NAD,NYSE
NAN,NYSE
NAT,NYSE
NATL,NYSE
NAZ,NYSE
NBB,NYSE
NBHC,NYSE
NBR,NYSE
NBXG,NYSE
NC,NYSE
NCA,NYSE
NCDL,NYSE
NCLH,NYSE
NCV,NYSE
NCZ,NYSE
NDMO,NYSE
NE,NYSE
NEA,NYSE
NEE,NYSE
R,NYSE
T,NYSE
NEM,NYSE
NET,NYSE
NEU,NYSE
NEUE,NYSE
NEXA,NYSE
NFG,NYSE
NFJ,NYSE
NGG,NYSE
NGL,NYSE
NGS,NYSE
NGVC,NYSE
NGVT,NYSE
NHI,NYSE
NI,NYSE
NIC,NYSE
NIE,NYSE
NIM,NYSE
NINE,NYSE
NIO,NYSE
NJR,NYSE
NKE,NYSE
NKX,NYSE
NL,NYSE
NLOP,NYSE
NLY,NYSE
NMAI,NYSE
NMAX,NYSE
NMCO,NYSE
NMG,NYSE
NMI,NYSE
NMM,NYSE
NMR,NYSE
NMS,NYSE
NMT,NYSE
NMZ,NYSE
NNI,NYSE
NNN,NYSE
NNY,NYSE
NOA,NYSE
NOAH,NYSE
NOC,NYSE
NOG,NYSE
NOK,NYSE
NOM,NYSE
NOMD,NYSE
NOTE,NYSE
NOV,NYSE
NOW,NYSE
NPB,NYSE
NPCT,NYSE
NPFD,NYSE
NPK,NYSE
NPKI,NYSE
NPO,NYSE
NPV,NYSE
NPWR,NYSE
NQP,NYSE
NRDY,NYSE
NREF,NYSE
NRG,NYSE
NRGV,NYSE
NRK,NYSE
NRP,NYSE
NRT,NYSE
NRUC,NYSE
NSA,NYSE
NSC,NYSE
NSP,NYSE
NTB,NYSE
NTR,NYSE
NTST,NYSE
NTZ,NYSE
NU,NYSE
NUE,NYSE
NUS,NYSE
NUV,NYSE
NUVB,NYSE
NUW,NYSE
NVG,NYSE
NVGS,NYSE
NVO,NYSE
NVR,NYSE
NVRI,NYSE
NVS,NYSE
NVST,NYSE
NVT,NYSE
NWG,NYSE
NWN,NYSE
NX,NYSE
NXC,NYSE
NXDT,NYSE
NXE,NYSE
NXG,NYSE
NXJ,NYSE
NXN,NYSE
NXP,NYSE
NXRT,NYSE
NYC,NYSE
NYT,NYSE
NZF,NYSE
OAK,NYSE
OBDC,NYSE
OBK,NYSE
OC,NYSE
OCFT,NYSE
ODC,NYSE
ODV,NYSE
OEC,NYSE
OFG,NYSE
OGE,NYSE
OGN,NYSE
OGS,NYSE
OHI,NYSE
OI,NYSE
OIA,NYSE
OII,NYSE
OIS,NYSE
OKE,NYSE
OKLO,NYSE
OLN,NYSE
OLO,NYSE
OLP,NYSE
OMC,NYSE
OMF,NYSE
OMI,NYSE
ONIT,NYSE
ONL,NYSE
ONON,NYSE
ONTF,NYSE
ONTO,NYSE
OOMA,NYSE
OPAD,NYSE
OPFI,NYSE
OPP,NYSE
OPY,NYSE
OR,NYSE
ORA,NYSE
ORC,NYSE
ORCL,NYSE
ORI,NYSE
ORN,NYSE
OSCR,NYSE
OSK,NYSE
OTF,NYSE
OTIS,NYSE
OUT,NYSE
OVV,NYSE
OWL,NYSE
OWLT,NYSE
OXM,NYSE
OXY,NYSE
PAAS,NYSE
PAC,NYSE
PACK,NYSE
PACS,NYSE
PAG,NYSE
PAGS,NYSE
PAI,NYSE
PAM,NYSE
PAR,NYSE
PARR,NYSE
PATH,NYSE
PAXS,NYSE
PAY,NYSE
PAYC,NYSE
PB,NYSE
PBA,NYSE
PBF,NYSE
PBH,NYSE
PBI,NYSE
PBR,NYSE
PBT,NYSE
PCF,NYSE
PCG,NYSE
X,NYSE
PCK,NYSE
PCM,NYSE
PCN,NYSE
PCOR,NYSE
PCQ,NYSE
PD,NYSE
PDCC,NYSE
PDI,NYSE
PDM,NYSE
PDO,NYSE
PDPA,NYSE
PDS,NYSE
PDT,NYSE
PDX,NYSE
PEB,NYSE
PEG,NYSE
PEN,NYSE
PEO,NYSE
PERF,NYSE
PFD,NYSE
PFE,NYSE
PFGC,NYSE
PFH,NYSE
PFL,NYSE
PFLT,NYSE
PFN,NYSE
PFO,NYSE
PFS,NYSE
PFSI,NYSE
PG,NYSE
PGP,NYSE
PGR,NYSE
PGRE,NYSE
PGZ,NYSE
PH,NYSE
PHD,NYSE
PHG,NYSE
PHI,NYSE
PHIN,NYSE
PHK,NYSE
PHM,NYSE
PHR,NYSE
PHT,NYSE
PII,NYSE
PIM,NYSE
PINE,NYSE
PINS,NYSE
PIPR,NYSE
PJT,NYSE
PK,NYSE
PKE,NYSE
PKG,NYSE
PKST,NYSE
PKX,NYSE
PL,NYSE
PLD,NYSE
PLNT,NYSE
PLOW,NYSE
PLYM,NYSE
PM,NYSE
PMF,NYSE
PML,NYSE
PMM,NYSE
PMO,NYSE
PMT,NYSE
PMTU,NYSE
PMTV,NYSE
PMTW,NYSE
PMX,NYSE
PNC,NYSE
PNF,NYSE
PNI,NYSE
PNNT,NYSE
PNR,NYSE
PNW,NYSE
POR,NYSE
POST,NYSE
PPG,NYSE
PPL,NYSE
PPT,NYSE
PR,NYSE
PRA,NYSE
PRG,NYSE
PRGO,NYSE
PRH,NYSE
PRI,NYSE
PRIF,NYSE
PRIM,NYSE
PRKS,NYSE
PRLB,NYSE
PRM,NYSE
PRMB,NYSE
PRO,NYSE
PRS,NYSE
PRSU,NYSE
PRT,NYSE
PRU,NYSE
PSA,NYSE
PSBD,NYSE
PSF,NYSE
PSFE,NYSE
PSN,NYSE
PSO,NYSE
PSQH,NYSE
PSTG,NYSE
PSTL,NYSE
PSX,NYSE
PTA,NYSE
PTY,NYSE
PUK,NYSE
PUMP,NYSE
PVH,NYSE
PVL,NYSE
PWR,NYSE
PX,NYSE
PYN,NYSE
PYT,NYSE
PZC,NYSE
QBTS,NYSE
QD,NYSE
QGEN,NYSE
QS,NYSE
QSR,NYSE
QTWO,NYSE
QUAD,NYSE
QVCC,NYSE
QVCD,NYSE
QXO,NYSE
RA,NYSE
RAC,NYSE
WS,NYSE
RACE,NYSE
RAL,NYSE
RAMP,NYSE
RBA,NYSE
RBC,NYSE
RBLX,NYSE
RBOT,NYSE
RBRK,NYSE
RC,NYSE
RCB,NYSE
RCC,NYSE
RCD,NYSE
RCI,NYSE
RCL,NYSE
RCS,NYSE
RCUS,NYSE
RDDT,NYSE
RDN,NYSE
RDW,NYSE
RDY,NYSE
RELX,NYSE
RERE,NYSE
RES,NYSE
REVG,NYSE
REX,NYSE
REXR,NYSE
REZI,NYSE
RF,NYSE
RFI,NYSE
RFL,NYSE
RFM,NYSE
RFMZ,NYSE
RGA,NYSE
RGR,NYSE
RGT,NYSE
RH,NYSE
RHI,NYSE
RHP,NYSE
RIG,NYSE
RIO,NYSE
RITM,NYSE
RIV,NYSE
RJF,NYSE
RKT,NYSE
RL,NYSE
RLI,NYSE
RLJ,NYSE
RLTY,NYSE
RLX,NYSE
RM,NYSE
RMAX,NYSE
RMD,NYSE
RMI,NYSE
RMM,NYSE
RMMZ,NYSE
RMT,NYSE
RNG,NYSE
RNGR,NYSE
RNP,NYSE
RNR,NYSE
RNST,NYSE
ROG,NYSE
ROK,NYSE
ROL,NYSE
RPM,NYSE
RPT,NYSE
RQI,NYSE
RRC,NYSE
RRX,NYSE
RS,NYSE
RSF,NYSE
RSG,NYSE
RSI,NYSE
RSKD,NYSE
RTO,NYSE
RTX,NYSE
RVLV,NYSE
RVT,NYSE
RVTY,NYSE
RWT,NYSE
RWTN,NYSE
RWTO,NYSE
RWTP,NYSE
RXO,NYSE
RY,NYSE
RYAM,NYSE
RYAN,NYSE
RYI,NYSE
RYN,NYSE
RZB,NYSE
RZC,NYSE
SA,NYSE
SABA,NYSE
SAFE,NYSE
SAH,NYSE
SAJ,NYSE
SAM,NYSE
SAN,NYSE
SAND,NYSE
SAP,NYSE
SAR,NYSE
SARO,NYSE
SAT,NYSE
SAY,NYSE
SAZ,NYSE
SB,NYSE
SBH,NYSE
SBI,NYSE
SBR,NYSE
SBS,NYSE
SBSI,NYSE
SBSW,NYSE
SBXD,NYSE
SCCO,NYSE
SCD,NYSE
SCE,NYSE
SCHW,NYSE
SCI,NYSE
SCL,NYSE
SCM,NYSE
SCS,NYSE
SD,NYSE
SDHC,NYSE
SDHY,NYSE
SDRL,NYSE
SE,NYSE
SEAL,NYSE
SEE,NYSE
SEG,NYSE
SEI,NYSE
SEM,NYSE
SEMR,NYSE
SES,NYSE
SF,NYSE
SFB,NYSE
SFBS,NYSE
SFL,NYSE
SG,NYSE
SGHC,NYSE
SGI,NYSE
SGU,NYSE
SHAK,NYSE
SHCO,NYSE
SHEL,NYSE
SHG,NYSE
SHO,NYSE
SHW,NYSE
SID,NYSE
SIG,NYSE
SII,NYSE
SILA,NYSE
SITC,NYSE
SITE,NYSE
SJM,NYSE
SJT,NYSE
SKE,NYSE
SKIL,NYSE
SKLZ,NYSE
SKM,NYSE
SKT,NYSE
SKX,NYSE
SKY,NYSE
SKYH,NYSE
SLB,NYSE
SLF,NYSE
SLG,NYSE
SLGN,NYSE
SLQT,NYSE
SLVM,NYSE
SM,NYSE
SMA,NYSE
SMBK,NYSE
SMC,NYSE
SMFG,NYSE
SMG,NYSE
SMHI,NYSE
SMR,NYSE
SMRT,NYSE
SMWB,NYSE
SN,NYSE
SNA,NYSE
SNAP,NYSE
SNDA,NYSE
SNDR,NYSE
SNN,NYSE
SNOW,NYSE
SNV,NYSE
SNX,NYSE
SO,NYSE
SOBO,NYSE
SOC,NYSE
SOJC,NYSE
SOJD,NYSE
SOJE,NYSE
SOJF,NYSE
SOL,NYSE
SOLV,NYSE
SON,NYSE
SONY,NYSE
SOR,NYSE
SOS,NYSE
SOUL,NYSE
SPB,NYSE
SPCE,NYSE
SPE,NYSE
SPG,NYSE
SPGI,NYSE
SPH,NYSE
SPHR,NYSE
SPIR,NYSE
SPMA,NYSE
SPMC,NYSE
SPNT,NYSE
SPOT,NYSE
SPR,NYSE
SPRU,NYSE
SPXC,NYSE
SPXX,NYSE
SQM,NYSE
SQNS,NYSE
SR,NYSE
SRE,NYSE
SREA,NYSE
SRFM,NYSE
SRG,NYSE
SRI,NYSE
SRL,NYSE
SRV,NYSE
SSB,NYSE
SSD,NYSE
SSL,NYSE
SST,NYSE
SSTK,NYSE
ST,NYSE
STAG,NYSE
STC,NYSE
STE,NYSE
STEL,NYSE
STEM,NYSE
STEW,NYSE
STG,NYSE
STK,NYSE
STLA,NYSE
STM,NYSE
STN,NYSE
STNG,NYSE
STR,NYSE
STT,NYSE
STVN,NYSE
STWD,NYSE
STZ,NYSE
SU,NYSE
SUI,NYSE
SUN,NYSE
SUPV,NYSE
SUZ,NYSE
SVV,NYSE
SW,NYSE
SWK,NYSE
SWX,NYSE
SWZ,NYSE
SXC,NYSE
SXI,NYSE
SXT,NYSE
SYF,NYSE
SYK,NYSE
SYY,NYSE
TAC,NYSE
TAK,NYSE
TAL,NYSE
TALO,NYSE
TAP,NYSE
TBB,NYSE
TBBB,NYSE
TBI,NYSE
TBN,NYSE
TCI,NYSE
TD,NYSE
TDC,NYSE
TDF,NYSE
TDG,NYSE
TDOC,NYSE
TDS,NYSE
V,NYSE
TDW,NYSE
TDY,NYSE
TE,NYSE
TEAF,NYSE
TECK,NYSE
TEF,NYSE
TEI,NYSE
TEL,NYSE
TEN,NYSE
TEO,NYSE
TEVA,NYSE
TEX,NYSE
TFC,NYSE
TFII,NYSE
TFPM,NYSE
TFSA,NYSE
TFX,NYSE
TG,NYSE
TGE,NYSE
TGI,NYSE
TGLS,NYSE
TGNA,NYSE
TGS,NYSE
TGT,NYSE
THC,NYSE
THG,NYSE
THO,NYSE
THQ,NYSE
THR,NYSE
THS,NYSE
THW,NYSE
TIC,NYSE
TIMB,NYSE
TISI,NYSE
TIXT,NYSE
TJX,NYSE
TK,NYSE
TKC,NYSE
TKO,NYSE
TKR,NYSE
TLK,NYSE
TLYS,NYSE
TM,NYSE
TME,NYSE
TMHC,NYSE
TMO,NYSE
TNC,NYSE
TNET,NYSE
TNK,NYSE
TNL,NYSE
TOL,NYSE
TOST,NYSE
TPB,NYSE
TPC,NYSE
TPH,NYSE
TPL,NYSE
TPR,NYSE
TPTA,NYSE
TPVG,NYSE
TR,NYSE
TRAK,NYSE
TRC,NYSE
TREX,NYSE
TRGP,NYSE
TRN,NYSE
TRNO,NYSE
TROX,NYSE
TRP,NYSE
TRTN,NYSE
TRTX,NYSE
TRU,NYSE
TRV,NYSE
TS,NYSE
TSE,NYSE
TSI,NYSE
TSLX,NYSE
TSM,NYSE
TSN,NYSE
TSQ,NYSE
TT,NYSE
TTAM,NYSE
TTC,NYSE
TTE,NYSE
TTI,NYSE
TU,NYSE
TUYA,NYSE
TV,NYSE
TVC,NYSE
TVE,NYSE
TWI,NYSE
TWLO,NYSE
TWN,NYSE
TWO,NYSE
TWOD,NYSE
TX,NYSE
TXNM,NYSE
TXO,NYSE
TXT,NYSE
TY,NYSE
TYG,NYSE
TYL,NYSE
UA,NYSE
UAA,NYSE
UAN,NYSE
UBER,NYSE
UBS,NYSE
UCB,NYSE
UDR,NYSE
UE,NYSE
UFI,NYSE
UGI,NYSE
UGP,NYSE
UHAL,NYSE
UHS,NYSE
UHT,NYSE
UI,NYSE
UIS,NYSE
UL,NYSE
ULS,NYSE
UMC,NYSE
UMH,NYSE
UNF,NYSE
UNFI,NYSE
UNH,NYSE
UNM,NYSE
UNMA,NYSE
UNP,NYSE
UP,NYSE
UPS,NYSE
URI,NYSE
USA,NYSE
USAC,NYSE
USB,NYSE
USFD,NYSE
USM,NYSE
USNA,NYSE
USPH,NYSE
UTF,NYSE
UTI,NYSE
UTL,NYSE
UTZ,NYSE
UVE,NYSE
UVV,NYSE
UWMC,NYSE
UZD,NYSE
UZE,NYSE
UZF,NYSE
VAC,NYSE
VAL,NYSE
VALE,NYSE
VATE,NYSE
VBF,NYSE
VCV,NYSE
VEEV,NYSE
VEL,NYSE
VET,NYSE
VFC,NYSE
VG,NYSE
VGI,NYSE
VGM,NYSE
VHC,NYSE
VHI,NYSE
VICI,NYSE
VIK,NYSE
VIPS,NYSE
VIRT,NYSE
VIST,NYSE
VIV,NYSE
VKQ,NYSE
VLN,NYSE
VLO,NYSE
VLRS,NYSE
VLT,NYSE
VLTO,NYSE
VMC,NYSE
VMI,NYSE
VMO,NYSE
VNCE,NYSE
VNO,NYSE
VNT,NYSE
VOC,NYSE
VOYA,NYSE
VOYG,NYSE
VPG,NYSE
VPV,NYSE
VRE,NYSE
VRT,NYSE
VRTS,NYSE
VSCO,NYSE
VSH,NYSE
VST,NYSE
VSTS,NYSE
VTEX,NYSE
VTLE,NYSE
VTMX,NYSE
VTN,NYSE
VTOL,NYSE
VTR,NYSE
VTS,NYSE
VVR,NYSE
VVV,NYSE
VVX,NYSE
VYX,NYSE
W,NYSE
WAB,NYSE
WAL,NYSE
WAT,NYSE
WBS,NYSE
WBX,NYSE
WCC,NYSE
WCN,NYSE
WD,NYSE
WDH,NYSE
WDI,NYSE
WDS,NYSE
WEA,NYSE
WEAV,NYSE
WEC,NYSE
WELL,NYSE
WES,NYSE
WEX,NYSE
WF,NYSE
WFC,NYSE
Y,NYSE
WFG,NYSE
WGO,NYSE
WH,NYSE
WHD,NYSE
WHG,NYSE
WHR,NYSE
WIA,NYSE
WIT,NYSE
WIW,NYSE
WK,NYSE
WKC,NYSE
WLK,NYSE
WLKP,NYSE
WLY,NYSE
WLYB,NYSE
WM,NYSE
WMB,NYSE
WMK,NYSE
WMS,NYSE
WMT,NYSE
WNC,NYSE
WNS,NYSE
WOLF,NYSE
WOR,NYSE
WOW,NYSE
WPC,NYSE
WPM,NYSE
WPP,NYSE
WRB,NYSE
WRBY,NYSE
WSM,NYSE
WSO,NYSE
WSR,NYSE
WST,NYSE
WT,NYSE
WTI,NYSE
WTM,NYSE
WTRG,NYSE
WTS,NYSE
WTTR,NYSE
WU,NYSE
WWW,NYSE
WY,NYSE
XFLT,NYSE
XHR,NYSE
XIFR,NYSE
XIN,NYSE
XOM,NYSE
XPER,NYSE
XPEV,NYSE
XPO,NYSE
XPOF,NYSE
XPRO,NYSE
XYF,NYSE
XYL,NYSE
XYZ,NYSE
YALA,NYSE
YELP,NYSE
YETI,NYSE
YEXT,NYSE
YMM,NYSE
YOU,NYSE
YPF,NYSE
YRD,NYSE
YSG,NYSE
YUM,NYSE
YUMC,NYSE
ZBH,NYSE
ZEPP,NYSE
ZETA,NYSE
ZGN,NYSE
ZH,NYSE
ZIM,NYSE
ZIP,NYSE
ZK,NYSE
ZKH,NYSE
ZTO,NYSE
ZTR,NYSE
ZTS,NYSE
ZVIA,NYSE
ZWS,NYSE
ACCS,AMEX
ACU,AMEX
AEF,AMEX
AEON,AMEX
AIM,AMEX
AIRI,AMEX
AMBI,AMEX
AMBO,AMEX
AMS,AMEX
AMZE,AMEX
APT,AMEX
APUS,AMEX
AREN,AMEX
ARMN,AMEX
ARMP,AMEX
ASM,AMEX
ATCH,AMEX
ATNM,AMEX
AUST,AMEX
AWX,AMEX
AXIL,AMEX
AZTR,AMEX
BATL,AMEX
BCV,AMEX
BDL,AMEX
BGI,AMEX
BHB,AMEX
BHM,AMEX
BKTI,AMEX
BMNR,AMEX
BQ,AMEX
BRBS,AMEX
BRIA,AMEX
BRN,AMEX
BTG,AMEX
BURU,AMEX
CANF,AMEX
CATX,AMEX
CCEL,AMEX
CET,AMEX
CEV,AMEX
CHEB,AMEX
CHRO,AMEX
CIK,AMEX
CIX,AMEX
CKX,AMEX
CLDI,AMEX
CLM,AMEX
CMCL,AMEX
CMT,AMEX
CNL,AMEX
COE,AMEX
COHN,AMEX
CPHI,AMEX
CRF,AMEX
CTGO,AMEX
CTM,AMEX
CVM,AMEX
CVR,AMEX
CVU,AMEX
CYBN,AMEX
DC,AMEX
DDC,AMEX
DHY,AMEX
DIT,AMEX
DMYY,AMEX
DNN,AMEX
DSS,AMEX
DVS,AMEX
DXF,AMEX
EAD,AMEX
ECF,AMEX
EIM,AMEX
ELA,AMEX
ELLO,AMEX
ELMD,AMEX
EMX,AMEX
ENX,AMEX
EONR,AMEX
EPM,AMEX
EQX,AMEX
ERC,AMEX
ERH,AMEX
ESP,AMEX
EVI,AMEX
EVM,AMEX
EVV,AMEX
EXOD,AMEX
FAX,AMEX
FCO,AMEX
FLYX,AMEX
FLYY,AMEX
FOXO,AMEX
FSI,AMEX
FSP,AMEX
FTF,AMEX
FURY,AMEX
GAU,AMEX
GBR,AMEX
GENC,AMEX
GGN,AMEX
GLDG,AMEX
GLO,AMEX
GLQ,AMEX
GLU,AMEX
GLV,AMEX
GNS,AMEX
GORO,AMEX
GPUS,AMEX
GRAF,AMEX
GRF,AMEX
GRO,AMEX
GROY,AMEX
GTE,AMEX
HCWC,AMEX
HNW,AMEX
HUSA,AMEX
HYLN,AMEX
IAF,AMEX
IAUX,AMEX
IBO,AMEX
IDR,AMEX
IE,AMEX
IGC,AMEX
IHT,AMEX
IMO,AMEX
INDO,AMEX
INFU,AMEX
INLX,AMEX
INTT,AMEX
INUV,AMEX
IOR,AMEX
ISOU,AMEX
ITP,AMEX
ITRG,AMEX
JOB,AMEX
KAPA,AMEX
KNW,AMEX
KULR,AMEX
LCTX,AMEX
LEGT,AMEX
LEU,AMEX
LGCY,AMEX
LGL,AMEX
LGPS,AMEX
LODE,AMEX
LPA,AMEX
LSF,AMEX
LUD,AMEX
LXFR,AMEX
MAG,AMEX
MAIA,AMEX
MCRP,AMEX
MGLD,AMEX
MHH,AMEX
MI,AMEX
MITQ,AMEX
MLSS,AMEX
MMA,AMEX
MPTI,AMEX
MPU,AMEX
MRT,AMEX
MSN,AMEX
MTA,AMEX
MTNB,AMEX
MWG,AMEX
MXC,AMEX
MYND,AMEX
MYO,AMEX
NAK,AMEX
NBH,AMEX
NBY,AMEX
NCL,AMEX
NEN,AMEX
NEWP,AMEX
NFGC,AMEX
NG,AMEX
NGD,AMEX
NHC,AMEX
NHS,AMEX
NML,AMEX
NNVC,AMEX
NRO,AMEX
NRXS,AMEX
NTIP,AMEX
OBE,AMEX
OGEN,AMEX
OPHC,AMEX
OPTT,AMEX
ORLA,AMEX
OSTX,AMEX
OZ,AMEX
PED,AMEX
PHGE,AMEX
PLAG,AMEX
PLG,AMEX
PLX,AMEX
PMNT,AMEX
PRK,AMEX
PW,AMEX
PZG,AMEX
RCG,AMEX
REI,AMEX
REPX,AMEX
RLGT,AMEX
ROLR,AMEX
RVP,AMEX
RYDE,AMEX
SACH,AMEX
SATX,AMEX
SBEV,AMEX
SCCC,AMEX
SCCD,AMEX
SCCE,AMEX
SCCF,AMEX
SCCG,AMEX
SEB,AMEX
SENS,AMEX
SER,AMEX
SGN,AMEX
SIF,AMEX
SIM,AMEX
SLI,AMEX
SLND,AMEX
SLSR,AMEX
SOAR,AMEX
SRXH,AMEX
SSY,AMEX
STRW,AMEX
STXS,AMEX
SVM,AMEX
SVT,AMEX
SYNX,AMEX
TGB,AMEX
TGEN,AMEX
THM,AMEX
TMDE,AMEX
TMP,AMEX
TMQ,AMEX
TOON,AMEX
TOPP,AMEX
TOPS,AMEX
TOVX,AMEX
TPET,AMEX
TRT,AMEX
TRX,AMEX
UAMY,AMEX
UAVS,AMEX
UEC,AMEX
UMAC,AMEX
URG,AMEX
USAS,AMEX
UTG,AMEX
UUU,AMEX
UUUU,AMEX
VENU,AMEX
VFL,AMEX
VGZ,AMEX
VKI,AMEX
VNRX,AMEX
VNTG,AMEX
VTAK,AMEX
VZLA,AMEX
WRN,AMEX
WWR,AMEX
WYY,AMEX
XPL,AMEX
XTNT,AMEX
YCBD,AMEX
ZDGE,AMEX
ZONE,AMEX
20MICRONS,NSE
21STCENMGM,NSE
360ONE,NSE
3IINFOLTD,NSE
3MINDIA,NSE
3PLAND,NSE
5PAISA,NSE
63MOONS,NSE
A2ZINFRA,NSE
AAATECH,NSE
AADHARHFC,NSE
AAKASH,NSE
AAREYDRUGS,NSE
AARON,NSE
AARTECH,NSE
AARTIDRUGS,NSE
AARTIIND,NSE
AARTIPHARM,NSE
AARTISURF,NSE
AARVEEDEN,NSE
AARVI,NSE
AAVAS,NSE
ABAN,NSE
ABB,NSE
ABBOTINDIA,NSE
ABCAPITAL,NSE
ABDL,NSE
ABFRL,NSE
ABINFRA,NSE
ABLBL,NSE
ABMINTLLTD,NSE
ABREL,NSE
ABSLAMC,NSE
ACC,NSE
ACCELYA,NSE
ACCURACY,NSE
ACE,NSE
ACEINTEG,NSE
ACL,NSE
ACLGATI,NSE
ACMESOLAR,NSE
ACUTAAS,NSE
ADANIENSOL,NSE
ADANIENT,NSE
ADANIGREEN,NSE
ADANIPORTS,NSE
ADANIPOWER,NSE
ADFFOODS,NSE
ADL,NSE
ADOR,NSE
ADROITINFO,NSE
ADSL,NSE
ADVANIHOTR,NSE
ADVENZYMES,NSE
AEGISLOG,NSE
AEGISVOPAK,NSE
AEROENTER,NSE
AEROFLEX,NSE
AETHER,NSE
AFCONS,NSE
AFFLE,NSE
AFFORDABLE,NSE
AFIL,NSE
AFSL,NSE
AGARIND,NSE
AGARWALEYE,NSE
AGIIL,NSE
AGRITECH,NSE
AGROPHOS,NSE
AGSTRA,NSE
AHLADA,NSE
AHLEAST,NSE
AHLUCONT,NSE
AIAENG,NSE
AIIL,NSE
AIRAN,NSE
AIROLAM,NSE
AJANTPHARM,NSE
AJAXENGG,NSE
AJMERA,NSE
AJOONI,NSE
AKASH,NSE
AKG,NSE
AKI,NSE
AKSHAR,NSE
AKSHARCHEM,NSE
AKSHOPTFBR,NSE
AKUMS,NSE
AKZOINDIA,NSE
ALANKIT,NSE
ALBERTDAVD,NSE
ALEMBICLTD,NSE
ALICON,NSE
ALIVUS,NSE
ALKALI,NSE
ALKEM,NSE
ALKYLAMINE,NSE
ALLCARGO,NSE
ALLDIGI,NSE
ALMONDZ,NSE
ALOKINDS,NSE
ALPA,NSE
ALPHAGEO,NSE
AMBER,NSE
AMBICAAGAR,NSE
AMBIKCO,NSE
AMBUJACEM,NSE
AMDIND,NSE
AMJLAND,NSE
AMNPLST,NSE
AMRUTANJAN,NSE
ANANDRATHI,NSE
ANANTRAJ,NSE
ANDHRAPAP,NSE
ANDHRSUGAR,NSE
ANGELONE,NSE
ANIKINDS,NSE
ANKITMETAL,NSE
ANMOL,NSE
ANSALAPI,NSE
ANTGRAPHIC,NSE
ANUHPHR,NSE
ANUP,NSE
ANURAS,NSE
APARINDS,NSE
APCL,NSE
APCOTEXIND,NSE
APEX,NSE
APLAPOLLO,NSE
APLLTD,NSE
APOLLO,NSE
APOLLOHOSP,NSE
APOLLOPIPE,NSE
APOLLOTYRE,NSE
APOLSINHOT,NSE
APTECHT,NSE
APTUS,NSE
ARCHIDPLY,NSE
ARCHIES,NSE
ARE&M,NSE
ARENTERP,NSE
ARIES,NSE
ARIHANTCAP,NSE
ARIHANTSUP,NSE
ARISINFRA,NSE
ARKADE,NSE
ARMANFIN,NSE
AROGRANITE,NSE
ARROWGREEN,NSE
ARSHIYA,NSE
ARSSINFRA,NSE
ARTEMISMED,NSE
ARTNIRMAN,NSE
ARVEE,NSE
ARVIND,NSE
ARVINDFASN,NSE
ARVSMART,NSE
ASAHIINDIA,NSE
ASAHISONG,NSE
ASAL,NSE
ASALCBR,NSE
ASHAPURMIN,NSE
ASHIANA,NSE
ASHIMASYN,NSE
ASHOKA,NSE
ASHOKAMET,NSE
ASHOKLEY,NSE
ASIANENE,NSE
ASIANHOTNR,NSE
ASIANPAINT,NSE
ASIANTILES,NSE
ASKAUTOLTD,NSE
ASMS,NSE
ASPINWALL,NSE
ASTEC,NSE
ASTERDM,NSE
ASTRAL,NSE
ASTRAMICRO,NSE
ASTRAZEN,NSE
ASTRON,NSE
ATALREAL,NSE
ATAM,NSE
ATHERENERG,NSE
ATL,NSE
ATLANTAA,NSE
ATLASCYCLE,NSE
ATUL,NSE
ATULAUTO,NSE
AUBANK,NSE
AURIONPRO,NSE
AUROPHARMA,NSE
AURUM,NSE
AUSOMENT,NSE
AUTOAXLES,NSE
AUTOIND,NSE
AVADHSUGAR,NSE
AVALON,NSE
AVANTEL,NSE
AVANTIFEED,NSE
AVG,NSE
AVL,NSE
AVONMORE,NSE
AVROIND,NSE
AVTNPL,NSE
AWFIS,NSE
AWHCL,NSE
AWL,NSE
AXISBANK,NSE
AXISCADES,NSE
AXITA,NSE
AYMSYNTEX,NSE
AZAD,NSE
BAFNAPH,NSE
BAGFILMS,NSE
BAIDFIN,NSE
BAJAJ-AUTO,NSE
BAJAJCON,NSE
BAJAJELEC,NSE
BAJAJFINSV,NSE
BAJAJHCARE,NSE
BAJAJHFL,NSE
BAJAJHIND,NSE
BAJAJHLDNG,NSE
BAJAJINDEF,NSE
BAJEL,NSE
BAJFINANCE,NSE
BALAJEE,NSE
BALAJITELE,NSE
BALAMINES,NSE
BALAXI,NSE
BALKRISHNA,NSE
BALKRISIND,NSE
BALMLAWRIE,NSE
BALPHARMA,NSE
BALRAMCHIN,NSE
BALUFORGE,NSE
BANARBEADS,NSE
BANARISUG,NSE
BANCOINDIA,NSE
BANDHANBNK,NSE
BANG,NSE
BANKA,NSE
BANKBARODA,NSE
BANKINDIA,NSE
BANSALWIRE,NSE
BANSWRAS,NSE
BARBEQUE,NSE
BASF,NSE
BASML,NSE
BATAINDIA,NSE
BAYERCROP,NSE
BBL,NSE
BBOX,NSE
BBTC,NSE
BBTCL,NSE
BCLIND,NSE
BCONCEPTS,NSE
BEARDSELL,NSE
BECTORFOOD,NSE
BEDMUTHA,NSE
BEL,NSE
BELRISE,NSE
BEML,NSE
BEPL,NSE
BERGEPAINT,NSE
BESTAGRO,NSE
BFINVEST,NSE
BFUTILITIE,NSE
BGRENERGY,NSE
BHAGCHEM,NSE
BHAGERIA,NSE
BHAGYANGR,NSE
BHANDARI,NSE
BHARATFORG,NSE
BHARATGEAR,NSE
BHARATRAS,NSE
BHARATSE,NSE
BHARATWIRE,NSE
BHARTIARTL,NSE
BHARTIHEXA,NSE
BHEL,NSE
BIGBLOC,NSE
BIKAJI,NSE
BIL,NSE
BINANIIND,NSE
BIOCON,NSE
BIOFILCHEM,NSE
BIRLACABLE,NSE
BIRLACORPN,NSE
BIRLAMONEY,NSE
BIRLANU,NSE
BLACKBUCK,NSE
BLAL,NSE
BLBLIMITED,NSE
BLISSGVS,NSE
BLKASHYAP,NSE
BLS,NSE
BLSE,NSE
BLUECOAST,NSE
BLUEDART,NSE
BLUEJET,NSE
BLUESTARCO,NSE
BLUSPRING,NSE
BODALCHEM,NSE
BOHRAIND,NSE
BOMDYEING,NSE
BORANA,NSE
BOROLTD,NSE
BORORENEW,NSE
BOROSCI,NSE
BOSCHLTD,NSE
BPCL,NSE
BPL,NSE
BRIGADE,NSE
BRITANNIA,NSE
BRNL,NSE
BROOKS,NSE
BSE,NSE
BSHSL,NSE
BSOFT,NSE
BTML,NSE
BUTTERFLY,NSE
BVCL,NSE
BYKE,NSE
CALSOFT,NSE
CAMLINFINE,NSE
CAMPUS,NSE
CAMS,NSE
CANBK,NSE
CANFINHOME,NSE
CANTABIL,NSE
CAPACITE,NSE
CAPITALSFB,NSE
CAPLIPOINT,NSE
CAPTRU-RE,NSE
CAPTRUST,NSE
CARBORUNIV,NSE
CARERATING,NSE
CARRARO,NSE
CARTRADE,NSE
CARYSIL,NSE
CASTROLIND,NSE
CCCL,NSE
CCHHL,NSE
CDSL,NSE
CEATLTD,NSE
CEIGALL,NSE
CELEBRITY,NSE
CELLO,NSE
CENTENKA,NSE
CENTEXT,NSE
CENTRALBK,NSE
CENTRUM,NSE
CENTUM,NSE
CENTURYPLY,NSE
CERA,NSE
CEREBRAINT,NSE
CESC,NSE
CEWATER,NSE
CGCL,NSE
CGPOWER,NSE
CHALET,NSE
CHAMBLFERT,NSE
CHEMBOND,NSE
CHEMCON,NSE
CHEMFAB,NSE
CHEMPLASTS,NSE
CHENNPETRO,NSE
CHEVIOT,NSE
CHOICEIN,NSE
CHOLAFIN,NSE
CHOLAHLDNG,NSE
CIEINDIA,NSE
CIFL,NSE
CIGNITITEC,NSE
CINELINE,NSE
CINEVISTA,NSE
CIPLA,NSE
CLEAN,NSE
CLEDUCATE,NSE
CLSEL,NSE
CMSINFO,NSE
COALINDIA,NSE
COASTCORP,NSE
COCHINSHIP,NSE
COFFEEDAY,NSE
COFORGE,NSE
COHANCE,NSE
COLPAL,NSE
COMPINFO,NSE
COMPUSOFT,NSE
COMSYN,NSE
CONCOR,NSE
CONCORDBIO,NSE
CONFIPET,NSE
CONSOFINVT,NSE
CONTROLPR,NSE
CORALFINAC,NSE
CORDSCABLE,NSE
COROMANDEL,NSE
COSMOFIRST,NSE
COUNCODOS,NSE
CPCAP,NSE
CRAFTSMAN,NSE
CREATIVE,NSE
CREATIVEYE,NSE
CREDITACC,NSE
CREST,NSE
CRISIL,NSE
CROMPTON,NSE
CROWN,NSE
CSBBANK,NSE
CSLFINANCE,NSE
CTE,NSE
CUBEXTUB,NSE
CUMMINSIND,NSE
CUPID,NSE
CURAA,NSE
CYBERMEDIA,NSE
CYBERTECH,NSE
CYIENT,NSE
CYIENTDLM,NSE
DABUR,NSE
DALBHARAT,NSE
DALMIASUG,NSE
DAMCAPITAL,NSE
DAMODARIND,NSE
DANGEE,NSE
DATAMATICS,NSE
DATAPATTNS,NSE
DAVANGERE,NSE
DBCORP,NSE
DBEIL,NSE
DBOL,NSE
DBREALTY,NSE
DBSTOCKBRO,NSE
DCAL,NSE
DCBBANK,NSE
DCM,NSE
DCMFINSERV,NSE
DCMNVL,NSE
DCMSHRIRAM,NSE
DCMSRIND,NSE
DCW,NSE
DCXINDIA,NSE
DDEVPLSTIK,NSE
DECCANCE,NSE
DEEDEV,NSE
DEEPAKFERT,NSE
DEEPAKNTR,NSE
DEEPINDS,NSE
DELHIVERY,NSE
DELPHIFX,NSE
DELTACORP,NSE
DELTAMAGNT,NSE
DEN,NSE
DENORA,NSE
DENTA,NSE
DEVIT,NSE
DEVYANI,NSE
DGCONTENT,NSE
DHAMPURSUG,NSE
DHANBANK,NSE
DHANI,NSE
DHANUKA,NSE
DHARAN,NSE
DHARMAJ,NSE
DHRUV,NSE
DHUNINV,NSE
DIACABS,NSE
DIAMINESQ,NSE
DIAMONDYD,NSE
DICIND,NSE
DIFFNKG,NSE
DIGIDRIVE,NSE
DIGISPICE,NSE
DIGITIDE,NSE
DIGJAMLMTD,NSE
DIL,NSE
DISHTV,NSE
DIVGIITTS,NSE
DIVISLAB,NSE
DIXON,NSE
DJML,NSE
DLF,NSE
DLINKINDIA,NSE
DMART,NSE
DMCC,NSE
DNAMEDIA,NSE
DODLA,NSE
DOLATALGO,NSE
DOLLAR,NSE
DOLPHIN,NSE
DOMS,NSE
DONEAR,NSE
DPABHUSHAN,NSE
DPSCLTD,NSE
DPWIRES,NSE
DRCSYSTEMS,NSE
DREAMFOLKS,NSE
DREDGECORP,NSE
DRREDDY,NSE
DSSL,NSE
DUCON,NSE
DVL,NSE
DWARKESH,NSE
DYCL,NSE
DYNAMATECH,NSE
DYNPRO,NSE
E2E,NSE
EASEMYTRIP,NSE
ECLERX,NSE
ECOSMOBLTY,NSE
EDELWEISS,NSE
EICHERMOT,NSE
EIDPARRY,NSE
EIEL,NSE
EIFFL,NSE
EIHAHOTELS,NSE
EIHOTEL,NSE
EIMCOELECO,NSE
EKC,NSE
ELDEHSG,NSE
ELECON,NSE
ELECTCAST,NSE
ELECTHERM,NSE
ELGIEQUIP,NSE
ELGIRUBCO,NSE
ELIN,NSE
ELLEN,NSE
EMAMILTD,NSE
EMAMIPAP,NSE
EMAMIREAL,NSE
EMBDL,NSE
EMCURE,NSE
EMIL,NSE
EMKAY,NSE
EMMBI,NSE
EMSLIMITED,NSE
EMUDHRA,NSE
ENDURANCE,NSE
ENERGYDEV,NSE
ENGINERSIN,NSE
ENIL,NSE
ENRIN,NSE
ENTERO,NSE
EPACK,NSE
EPIGRAL,NSE
EPL,NSE
EQUIPPP,NSE
EQUITASBNK,NSE
ERIS,NSE
ESABINDIA,NSE
ESAFSFB,NSE
ESCORTS,NSE
ESSARSHPNG,NSE
ESSENTIA,NSE
ESTER,NSE
ETERNAL,NSE
ETHOSLTD,NSE
EUREKAFORB,NSE
EUROTEXIND,NSE
EVEREADY,NSE
EVERESTIND,NSE
EXCEL,NSE
EXCELINDUS,NSE
EXICOM,NSE
EXIDEIND,NSE
EXPLEOSOL,NSE
EXXARO,NSE
FAIRCHEMOR,NSE
FAZE3Q,NSE
FCL,NSE
FCSSOFT,NSE
FDC,NSE
FEDERALBNK,NSE
FEDFINA,NSE
FEL,NSE
FELDVR,NSE
FIBERWEB,NSE
FIEMIND,NSE
FILATEX,NSE
FILATFASH,NSE
FINCABLES,NSE
FINEORG,NSE
FINOPB,NSE
FINPIPE,NSE
FIRSTCRY,NSE
FIVESTAR,NSE
FLAIR,NSE
FLEXITUFF,NSE
FLFL,NSE
FLUOROCHEM,NSE
FMGOETZE,NSE
FMNL,NSE
FOCUS,NSE
FOODSIN,NSE
FORCEMOT,NSE
FORTIS,NSE
FOSECOIND,NSE
FSC,NSE
FSL,NSE
FUSION,NSE
GABRIEL,NSE
GAEL,NSE
GAIL,NSE
GALAPREC,NSE
GALAXYSURF,NSE
GALLANTT,NSE
GANDHAR,NSE
GANDHITUBE,NSE
GANECOS,NSE
GANESHBE,NSE
GANESHHOUC,NSE
GANGAFORGE,NSE
GANGESSECU,NSE
GARFIBRES,NSE
GARUDA,NSE
GATECH,NSE
GATECHDVR,NSE
GATEWAY,NSE
GAYAHWS,NSE
GAYAPROJ,NSE
GEECEE,NSE
GEEKAYWIRE,NSE
GENCON,NSE
GENESYS,NSE
GENSOL,NSE
GENUSPAPER,NSE
GENUSPOWER,NSE
GEOJITFSL,NSE
GEPIL,NSE
GESHIP,NSE
GFLLIMITED,NSE
GHCL,NSE
GHCLTEXTIL,NSE
GICHSGFIN,NSE
GICRE,NSE
GILLANDERS,NSE
GILLETTE,NSE
GINNIFILA,NSE
GIPCL,NSE
GKWLIMITED,NSE
GLAND,NSE
GLAXO,NSE
GLENMARK,NSE
GLFL,NSE
GLOBAL,NSE
GLOBALE,NSE
GLOBALVECT,NSE
GLOBE,NSE
GLOBECIVIL,NSE
GLOBUSSPR,NSE
GLOSTERLTD,NSE
GMBREW,NSE
GMDCLTD,NSE
GMMPFAUDLR,NSE
GMRAIRPORT,NSE
GMRP&UI,NSE
GNA,NSE
GNFC,NSE
GOACARBON,NSE
GOCLCORP,NSE
GOCOLORS,NSE
GODAVARIB,NSE
GODFRYPHLP,NSE
GODHA,NSE
GODIGIT,NSE
GODREJAGRO,NSE
GODREJCP,NSE
GODREJIND,NSE
GODREJPROP,NSE
GOENKA,NSE
GOKEX,NSE
GOKUL,NSE
GOKULAGRO,NSE
GOLDENTOBC,NSE
GOLDIAM,NSE
GOLDTECH,NSE
GOODLUCK,NSE
GOPAL,NSE
GOYALALUM,NSE
GPIL,NSE
GPPL,NSE
GPTHEALTH,NSE
GPTINFRA,NSE
GRANULES,NSE
GRAPHITE,NSE
GRASIM,NSE
GRAVITA,NSE
GREAVESCOT,NSE
GREENLAM,NSE
GREENPANEL,NSE
GREENPLY,NSE
GREENPOWER,NSE
GRINDWELL,NSE
GRINFRA,NSE
GRMOVER,NSE
GROBTEA,NSE
GRPLTD,NSE
GRSE,NSE
GRWRHITECH,NSE
GSFC,NSE
GSLSU,NSE
GSPL,NSE
GSS,NSE
GTECJAINX,NSE
GTL,NSE
GTLINFRA,NSE
GTPL,NSE
GUFICBIO,NSE
GUJALKALI,NSE
GUJAPOLLO,NSE
GUJGASLTD,NSE
GUJRAFFIA,NSE
GUJTHEM,NSE
GULFOILLUB,NSE
GULFPETRO,NSE
GULPOLY,NSE
GVKPIL,NSE
GVPTECH,NSE
GVT&D,NSE
HAPPSTMNDS,NSE
HAPPYFORGE,NSE
HARDWYN,NSE
HARIOMPIPE,NSE
HARRMALAYA,NSE
HARSHA,NSE
HATHWAY,NSE
HATSUN,NSE
HAVELLS,NSE
HAVISHA,NSE
HBLENGINE,NSE
HBSL,NSE
HCG,NSE
HCL-INSYS,NSE
HCLTECH,NSE
HDFCAMC,NSE
HDFCBANK,NSE
HDFCLIFE,NSE
HEADSUP,NSE
HECPROJECT,NSE
HEG,NSE
HEIDELBERG,NSE
HEMIPROP,NSE
HERANBA,NSE
HERCULES,NSE
HERITGFOOD,NSE
HEROMOTOCO,NSE
HESTERBIO,NSE
HEUBACHIND,NSE
HEXATRADEX,NSE
HEXT,NSE
HFCL,NSE
HGINFRA,NSE
HGS,NSE
HIKAL,NSE
HILTON,NSE
HIMATSEIDE,NSE
HINDALCO,NSE
HINDCOMPOS,NSE
HINDCON,NSE
HINDCOPPER,NSE
HINDMOTORS,NSE
HINDOILEXP,NSE
HINDPETRO,NSE
HINDUNILVR,NSE
HINDWAREAP,NSE
HINDZINC,NSE
HIRECT,NSE
HISARMETAL,NSE
HITECH,NSE
HITECHCORP,NSE
HITECHGEAR,NSE
HLEGLAS,NSE
HLVLTD,NSE
HMAAGRO,NSE
HMT,NSE
HMVL,NSE
HNDFDS,NSE
HOMEFIRST,NSE
HONASA,NSE
HONAUT,NSE
HONDAPOWER,NSE
HOVS,NSE
HPAL,NSE
HPIL,NSE
HPL,NSE
HSCL,NSE
HTMEDIA,NSE
HUBTOWN,NSE
HUDCO,NSE
HUHTAMAKI,NSE
HYBRIDFIN,NSE
HYUNDAI,NSE
ICDSLTD,NSE
ICEMAKE,NSE
ICICIBANK,NSE
ICICIGI,NSE
ICICIPRULI,NSE
ICIL,NSE
ICRA,NSE
IDBI,NSE
IDEA,NSE
IDEAFORGE,NSE
IDFCFIRSTB,NSE
IEL,NSE
IFBAGRO,NSE
IFBIND,NSE
IFCI,NSE
IFGLEXPOR,NSE
IGARASHI,NSE
IGIL,NSE
IGL,NSE
IGPL,NSE
IIFL,NSE
IIFLCAPS,NSE
IITL,NSE
IKIO,NSE
IKS,NSE
IL&FSENGG,NSE
IL&FSTRANS,NSE
IMAGICAA,NSE
IMFA,NSE
IMPAL,NSE
IMPEXFERRO,NSE
INCREDIBLE,NSE
INDBANK,NSE
INDGN,NSE
INDHOTEL,NSE
INDIACEM,NSE
INDIAGLYCO,NSE
INDIAMART,NSE
INDIANB,NSE
INDIANCARD,NSE
INDIANHUME,NSE
INDIASHLTR,NSE
INDIGO,NSE
INDIGOPNTS,NSE
INDNIPPON,NSE
INDOAMIN,NSE
INDOBORAX,NSE
INDOCO,NSE
INDOFARM,NSE
INDORAMA,NSE
INDOSTAR,NSE
INDOTECH,NSE
INDOTHAI,NSE
INDOUS,NSE
INDOWIND,NSE
INDRAMEDCO,NSE
INDSWFTLAB,NSE
INDSWFTLTD,NSE
INDTERRAIN,NSE
INDUSINDBK,NSE
INDUSTOWER,NSE
INFIBEAM,NSE
INFOBEAN,NSE
INGERRAND,NSE
INNOVACAP,NSE
INNOVANA,NSE
INOXGREEN,NSE
INOXINDIA,NSE
INOXWIND,NSE
INSECTICID,NSE
INSPIRISYS,NSE
INTELLECT,NSE
INTENTECH,NSE
INTERARCH,NSE
INTLCONV,NSE
INVENTURE,NSE
IOB,NSE
IOC,NSE
IOLCP,NSE
IONEXCHANG,NSE
IPCALAB,NSE
IPL,NSE
IRB,NSE
IRCON,NSE
IRCTC,NSE
IREDA,NSE
IRFC,NSE
IRIS,NSE
IRISDOREME,NSE
IRMENERGY,NSE
ISFT,NSE
ISGEC,NSE
ISHANCH,NSE
ITC,NSE
ITCHOTELS,NSE
ITDC,NSE
ITDCEM,NSE
ITI,NSE
IVC,NSE
IXIGO,NSE
IZMO,NSE
J&KBANK,NSE
JAGRAN,NSE
JAGSNPHARM,NSE
JAIBALAJI,NSE
JAICORPLTD,NSE
JAIPURKURT,NSE
JAMNAAUTO,NSE
JASH,NSE
JAYAGROGN,NSE
JAYBARMARU,NSE
JAYNECOIND,NSE
JAYSREETEA,NSE
JBCHEPHARM,NSE
JBMA,NSE
JCHAC,NSE
JETFREIGHT,NSE
JGCHEM,NSE
JINDALPHOT,NSE
JINDALPOLY,NSE
JINDALSAW,NSE
JINDALSTEL,NSE
JINDRILL,NSE
JINDWORLD,NSE
JIOFIN,NSE
JISLDVREQS,NSE
JISLJALEQS,NSE
JITFINFRA,NSE
JKCEMENT,NSE
JKIL,NSE
JKLAKSHMI,NSE
JKPAPER,NSE
JKTYRE,NSE
JMA,NSE
JMFINANCIL,NSE
JNKINDIA,NSE
JOCIL,NSE
JPOLYINVST,NSE
JPPOWER,NSE
JSFB,NSE
JSL,NSE
JSWENERGY,NSE
JSWHL,NSE
JSWINFRA,NSE
JSWSTEEL,NSE
JTEKTINDIA,NSE
JTLIND,NSE
JUBLCPL,NSE
JUBLFOOD,NSE
JUBLINGREA,NSE
JUBLPHARMA,NSE
JUNIPER,NSE
JUSTDIAL,NSE
JWL,NSE
JYOTHYLAB,NSE
JYOTICNC,NSE
JYOTISTRUC,NSE
KABRAEXTRU,NSE
KAJARIACER,NSE
KAKATCEM,NSE
KALAMANDIR,NSE
KALPATARU,NSE
KALYANI,NSE
KALYANIFRG,NSE
KALYANKJIL,NSE
KAMATHOTEL,NSE
KAMDHENU,NSE
KAMOPAINTS,NSE
KANANIIND,NSE
KANORICHEM,NSE
KANPRPLA,NSE
KANSAINER,NSE
KAPSTON,NSE
KARMAENG,NSE
KARURVYSYA,NSE
KAUSHALYA,NSE
KAVDEFENCE,NSE
KAYA,NSE
KAYNES,NSE
KCP,NSE
KCPSUGIND,NSE
KDDL,NSE
KEC,NSE
KECL,NSE
KEEPLEARN,NSE
KEI,NSE
KELLTONTEC,NSE
KERNEX,NSE
KESORAMIND,NSE
KEYFINSERV,NSE
KFINTECH,NSE
KHADIM,NSE
KHAICHEM,NSE
KHAITANLTD,NSE
KHANDSE,NSE
KICL,NSE
KILITCH,NSE
KIMS,NSE
KINGFA,NSE
KIOCL,NSE
KIRIINDUS,NSE
KIRLOSBROS,NSE
KIRLOSENG,NSE
KIRLOSIND,NSE
KIRLPNU,NSE
KITEX,NSE
KKCL,NSE
KMEW,NSE
KMSUGAR,NSE
KNRCON,NSE
KOHINOOR,NSE
KOKUYOCMLN,NSE
KOLTEPATIL,NSE
KOPRAN,NSE
KOTAKBANK,NSE
KOTARISUG,NSE
KOTHARIPET,NSE
KOTHARIPRO,NSE
KPEL,NSE
KPIGREEN,NSE
KPIL,NSE
KPITTECH,NSE
KPRMILL,NSE
KRBL,NSE
KREBSBIO,NSE
KRIDHANINF,NSE
KRISHANA,NSE
KRISHIVAL,NSE
KRITI,NSE
KRITIKA,NSE
KRITINUT,NSE
KRN,NSE
KRONOX,NSE
KROSS,NSE
KRSNAA,NSE
KRYSTAL,NSE
KSB,NSE
KSCL,NSE
KSHITIJPOL,NSE
KSL,NSE
KSOLVES,NSE
KTKBANK,NSE
KUANTUM,NSE
LAGNAM,NSE
LAKPRE,NSE
LAL,NSE
LALPATHLAB,NSE
LAMBODHARA,NSE
LANCORHOL,NSE
LANDMARK,NSE
LAOPALA,NSE
LASA,NSE
LATENTVIEW,NSE
LATTEYS,NSE
LAURUSLABS,NSE
LAXMICOT,NSE
LAXMIDENTL,NSE
LEMONTREE,NSE
LEXUS,NSE
LFIC,NSE
LGBBROSLTD,NSE
LIBAS,NSE
LIBERTSHOE,NSE
LICHSGFIN,NSE
LICI,NSE
LIKHITHA,NSE
LINCOLN,NSE
LINDEINDIA,NSE
LLOYDSENGG,NSE
LLOYDSENT,NSE
LLOYDSME,NSE
LMW,NSE
LODHA,NSE
LOKESHMACH,NSE
LORDSCHLO,NSE
LOTUSEYE,NSE
LOVABLE,NSE
LOYALTEX,NSE
LPDC,NSE
LT,NSE
LTF,NSE
LTFOODS,NSE
LTIM,NSE
LTTS,NSE
LUMAXIND,NSE
LUMAXTECH,NSE
LUPIN,NSE
LUXIND,NSE
LXCHEM,NSE
LYKALABS,NSE
LYPSAGEMS,NSE
M&M,NSE
M&MFIN,NSE
MAANALU,NSE
MACPOWER,NSE
MADHAV,NSE
MADHUCON,NSE
MADRASFERT,NSE
MAGADSUGAR,NSE
MAGNUM,NSE
MAHABANK,NSE
MAHAPEXLTD,NSE
MAHASTEEL,NSE
MAHEPC,NSE
MAHESHWARI,NSE
MAHLIFE,NSE
MAHLOG,NSE
MAHSCOOTER,NSE
MAHSEAMLES,NSE
MAITHANALL,NSE
MALLCOM,NSE
MALUPAPER,NSE
MAMATA,NSE
MANAKALUCO,NSE
MANAKCOAT,NSE
MANAKSIA,NSE
MANAKSTEEL,NSE
MANALIPETC,NSE
MANAPPURAM,NSE
MANBA,NSE
MANCREDIT,NSE
MANGALAM,NSE
MANGCHEFER,NSE
MANGLMCEM,NSE
MANINDS,NSE
MANINFRA,NSE
MANKIND,NSE
MANOMAY,NSE
MANORAMA,NSE
MANORG,NSE
MANUGRAPH,NSE
MANYAVAR,NSE
MAPMYINDIA,NSE
MARALOVER,NSE
MARATHON,NSE
MARICO,NSE
MARINE,NSE
MARKSANS,NSE
MARUTI,NSE
MASFIN,NSE
MASKINVEST,NSE
MASTEK,NSE
MASTERTR,NSE
MATRIMONY,NSE
MAWANASUG,NSE
MAXESTATES,NSE
MAXHEALTH,NSE
MAXIND,NSE
MAYURUNIQ,NSE
MAZDA,NSE
MAZDOCK,NSE
MBAPL,NSE
MBLINFRA,NSE
MCL,NSE
MCLEODRUSS,NSE
MCLOUD,NSE
MCX,NSE
MEDANTA,NSE
MEDIASSIST,NSE
MEDICAMEQ,NSE
MEDICO,NSE
MEDPLUS,NSE
MEGASOFT,NSE
MEGASTAR,NSE
MENONBE,NSE
MEP,NSE
METROBRAND,NSE
METROPOLIS,NSE
MFML,NSE
MFSL,NSE
MGEL,NSE
MGL,NSE
MHLXMIRU,NSE
MHRIL,NSE
MICEL,NSE
MIDHANI,NSE
MINDACORP,NSE
MINDTECK,NSE
MIRCELECTR,NSE
MIRZAINT,NSE
MITCON,NSE
MITTAL,NSE
MKPL,NSE
MMFL,NSE
MMP,NSE
MMTC,NSE
MOBIKWIK,NSE
MODIRUBBER,NSE
MODISONLTD,NSE
MODTHREAD,NSE
MOHITIND,NSE
MOIL,NSE
MOKSH,NSE
MOL,NSE
MOLDTECH,NSE
MOLDTKPAC,NSE
MONARCH,NSE
MONTECARLO,NSE
MOREPENLAB,NSE
MOSCHIP,NSE
MOTHERSON,NSE
MOTILALOFS,NSE
MOTISONS,NSE
MOTOGENFIN,NSE
MPHASIS,NSE
MPSLTD,NSE
MRF,NSE
MRPL,NSE
MSPL,NSE
MSTCLTD,NSE
MSUMI,NSE
MTARTECH,NSE
MTEDUCARE,NSE
MTNL,NSE
MUFIN,NSE
MUFTI,NSE
MUKANDLTD,NSE
MUKKA,NSE
MUKTAARTS,NSE
MUNJALAU,NSE
MUNJALSHOW,NSE
MURUDCERA,NSE
MUTHOOTCAP,NSE
MUTHOOTFIN,NSE
MUTHOOTMF,NSE
MVGJL,NSE
NACLIND,NSE
NAGAFERT,NSE
NAGREEKCAP,NSE
NAGREEKEXP,NSE
NAHARCAP,NSE
NAHARINDUS,NSE
NAHARPOLY,NSE
NAHARSPING,NSE
NAM-INDIA,NSE
NARMADA,NSE
NATCAPSUQ,NSE
NATCOPHARM,NSE
NATHBIOGEN,NSE
NATIONALUM,NSE
NAUKRI,NSE
NAVA,NSE
NAVINFLUOR,NSE
NAVKARCORP,NSE
NAVKARURB,NSE
NAVNETEDUL,NSE
NAZARA,NSE
NBCC,NSE
NBIFIN,NSE
NCC,NSE
NCLIND,NSE
NDGL,NSE
NDL,NSE
NDLVENTURE,NSE
NDRAUTO,NSE
NDTV,NSE
NECCLTD,NSE
NECLIFE,NSE
NELCAST,NSE
NELCO,NSE
NEOGEN,NSE
NESCO,NSE
NESTLEIND,NSE
NETWEB,NSE
NETWORK18,NSE
NEULANDLAB,NSE
NEWGEN,NSE
NEXTMEDIA,NSE
NFL,NSE
NGIL,NSE
NGLFINE,NSE
NH,NSE
NHPC,NSE
NIACL,NSE
NIBE,NSE
NIBL,NSE
NIITLTD,NSE
NIITMTS,NSE
NILAINFRA,NSE
NILASPACES,NSE
NILKAMAL,NSE
NINSYS,NSE
NIPPOBATRY,NSE
NIRAJ,NSE
NIRAJISPAT,NSE
NITCO,NSE
NITINSPIN,NSE
NITIRAJ,NSE
NIVABUPA,NSE
NKIND,NSE
NLCINDIA,NSE
NMDC,NSE
NOCIL,NSE
NOIDATOLL,NSE
NORBTEAEXP,NSE
NORTHARC,NSE
NOVAAGRI,NSE
NPST,NSE
NRAIL,NSE
NRBBEARING,NSE
NRL,NSE
NSIL,NSE
NSLNISP,NSE
NTPC,NSE
NTPCGREEN,NSE
NUCLEUS,NSE
NURECA,NSE
NUVAMA,NSE
NUVOCO,NSE
NYKAA,NSE
OAL,NSE
OBCL,NSE
OBEROIRLTY,NSE
OCCL,NSE
OCCLLTD,NSE
ODIGMA,NSE
OFSS,NSE
OIL,NSE
OILCOUNTUB,NSE
OLAELEC,NSE
OLECTRA,NSE
OMAXAUTO,NSE
OMAXE,NSE
OMINFRAL,NSE
ONELIFECAP,NSE
ONEPOINT,NSE
ONESOURCE,NSE
ONGC,NSE
ONMOBILE,NSE
ONWARDTEC,NSE
OPTIEMUS,NSE
ORBTEXP,NSE
ORCHASP,NSE
ORCHPHARMA,NSE
ORICONENT,NSE
ORIENTALTL,NSE
ORIENTBELL,NSE
ORIENTCEM,NSE
ORIENTCER,NSE
ORIENTELEC,NSE
ORIENTHOT,NSE
ORIENTLTD,NSE
ORIENTPPR,NSE
ORIENTTECH,NSE
ORISSAMINE,NSE
ORTINGLOBE,NSE
OSIAHYPER,NSE
OSWALAGRO,NSE
OSWALGREEN,NSE
OSWALPUMPS,NSE
OSWALSEEDS,NSE
PAGEIND,NSE
PAISALO,NSE
PAKKA,NSE
PALASHSECU,NSE
PALREDTEC,NSE
PANACEABIO,NSE
PANACHE,NSE
PANAMAPET,NSE
PANSARI,NSE
PARACABLES,NSE
PARADEEP,NSE
PARAGMILK,NSE
PARAS,NSE
PARASPETRO,NSE
PARKHOTELS,NSE
PARSVNATH,NSE
PASUPTAC,NSE
PATANJALI,NSE
PATELENG,NSE
PATINTLOG,NSE
PAVNAIND,NSE
PAYTM,NSE
PCBL,NSE
PCJEWELLER,NSE
PDMJEPAPER,NSE
PDSL,NSE
PEARLPOLY,NSE
PEL,NSE
PENIND,NSE
PENINLAND,NSE
PERSISTENT,NSE
PETRONET,NSE
PFC,NSE
PFIZER,NSE
PFOCUS,NSE
PGEL,NSE
PGHH,NSE
PGHL,NSE
PGIL,NSE
PHOENIXLTD,NSE
PICCADIL,NSE
PIDILITIND,NSE
PIGL,NSE
PIIND,NSE
PILANIINVS,NSE
PILITA,NSE
PIONEEREMB,NSE
PITTIENG,NSE
PIXTRANS,NSE
PKTEA,NSE
PLASTIBLEN,NSE
PLATIND,NSE
PLAZACABLE,NSE
PNB,NSE
PNBGILTS,NSE
PNBHOUSING,NSE
PNCINFRA,NSE
PNGJL,NSE
POCL,NSE
PODDARMENT,NSE
POKARNA,NSE
POLICYBZR,NSE
POLYCAB,NSE
POLYMED,NSE
POLYPLEX,NSE
PONNIERODE,NSE
POONAWALLA,NSE
POWERGRID,NSE
POWERINDIA,NSE
POWERMECH,NSE
PPAP,NSE
PPLPHARMA,NSE
PRABHA,NSE
PRAENG,NSE
PRAJIND,NSE
PRAKASH,NSE
PRAKASHSTL,NSE
PRAXIS,NSE
PRECAM,NSE
PRECOT,NSE
PRECWIRE,NSE
PREMEXPLN,NSE
PREMIER,NSE
PREMIERENE,NSE
PREMIERPOL,NSE
PRESTIGE,NSE
PRICOLLTD,NSE
PRIMESECU,NSE
PRIMO,NSE
PRINCEPIPE,NSE
PRITI,NSE
PRITIKAUTO,NSE
PRIVISCL,NSE
PROSTARM,NSE
PROTEAN,NSE
PROZONER,NSE
PRSMJOHNSN,NSE
PRUDENT,NSE
PRUDMOULI,NSE
PSB,NSE
PSPPROJECT,NSE
PTCIL,NSE
PTL,NSE
PUNJABCHEM,NSE
PURVA,NSE
PVP,NSE
PVRINOX,NSE
PVSL,NSE
PYRAMID,NSE
QPOWER,NSE
QUADFUTURE,NSE
QUESS,NSE
QUICKHEAL,NSE
RACLGEAR,NSE
RADAAN,NSE
RADHIKAJWE,NSE
RADIANTCMS,NSE
RADICO,NSE
RADIOCITY,NSE
RAILTEL,NSE
RAINBOW,NSE
RAJESHEXPO,NSE
RAJMET,NSE
RAJOOENG,NSE
RAJRATAN,NSE
RAJRILTD,NSE
RAJSREESUG,NSE
RAJTV,NSE
RALLIS,NSE
RAMANEWS,NSE
RAMAPHO,NSE
RAMASTEEL,NSE
RAMCOCEM,NSE
RAMCOIND,NSE
RAMCOSYS,NSE
RAMKY,NSE
RAMRAT,NSE
RANASUG,NSE
RANEHOLDIN,NSE
RATEGAIN,NSE
RATNAMANI,NSE
RATNAVEER,NSE
RAYMOND,NSE
RAYMONDLSL,NSE
RAYMONDREL,NSE
RBLBANK,NSE
RBZJEWEL,NSE
RCF,NSE
RECLTD,NSE
REDINGTON,NSE
REDTAPE,NSE
REFEX,NSE
REGENCERAM,NSE
RELAXO,NSE
RELCHEMQ,NSE
RELIABLE,NSE
RELIANCE,NSE
RELIGARE,NSE
RELINFRA,NSE
RELTD,NSE
REMSONSIND,NSE
RENUKA,NSE
REPCOHOME,NSE
REPRO,NSE
RESPONIND,NSE
RETAIL,NSE
RGL,NSE
RHFL,NSE
RHIM,NSE
RHL,NSE
RICOAUTO,NSE
RIIL,NSE
RISHABH,NSE
RITCO,NSE
RITES,NSE
RKDL,NSE
RKEC,NSE
RKFORGE,NSE
RKSWAMY,NSE
RML,NSE
ROHLTD,NSE
ROLEXRINGS,NSE
ROLLT,NSE
ROLTA,NSE
ROML,NSE
ROSSARI,NSE
ROSSELLIND,NSE
ROSSTECH,NSE
ROTO,NSE
ROUTE,NSE
RPEL,NSE
RPGLIFE,NSE
RPOWER,NSE
RPPINFRA,NSE
RPPL,NSE
RPSGVENT,NSE
RPTECH,NSE
RRKABEL,NSE
RSSOFTWARE,NSE
RSWM,NSE
RSYSTEMS,NSE
RTNINDIA,NSE
RTNPOWER,NSE
RUBFILA,NSE
RUBYMILLS,NSE
RUCHINFRA,NSE
RUCHIRA,NSE
RUPA,NSE
RUSHIL,NSE
RUSTOMJEE,NSE
RVHL,NSE
RVNL,NSE
RVTH,NSE
S&SPOWER,NSE
SABEVENTS,NSE
SABTNL,NSE
SADBHAV,NSE
SADBHIN,NSE
SADHNANIQ,NSE
SAFARI,NSE
SAGARDEEP,NSE
SAGCEM,NSE
SAGILITY,NSE
SAHYADRI,NSE
SAILIFE,NSE
SAKAR,NSE
SAKHTISUG,NSE
SAKSOFT,NSE
SAKUMA,NSE
SALASAR,NSE
SALONA,NSE
SALSTEEL,NSE
SALZERELEC,NSE
SAMBHAAV,NSE
SAMHI,NSE
SAMMAANCAP,NSE
SAMPANN,NSE
SANATHAN,NSE
SANCO,NSE
SANDESH,NSE
SANDHAR,NSE
SANDUMA,NSE
SANGAMIND,NSE
SANGHIIND,NSE
SANGHVIMOV,NSE
SANGINITA,NSE
SANOFI,NSE
SANOFICONR,NSE
SANSERA,NSE
SANSTAR,NSE
SANWARIA,NSE
SAPPHIRE,NSE
SARDAEN,NSE
SAREGAMA,NSE
SARLAPOLY,NSE
SARVESHWAR,NSE
SASKEN,NSE
SASTASUNDR,NSE
SATIA,NSE
SATIN,NSE
SAURASHCEM,NSE
SBCL,NSE
SBFC,NSE
SBGLP,NSE
SBICARD,NSE
SBILIFE,NSE
SBIN,NSE
SCHAEFFLER,NSE
SCHAND,NSE
SCHNEIDER,NSE
SCILAL,NSE
SCODATUBES,NSE
SCPL,NSE
SDBL,NSE
SEAMECLTD,NSE
SECMARK,NSE
SECURKLOUD,NSE
SEJALLTD,NSE
SELAN,NSE
SELMC,NSE
SEMAC,NSE
SENCO,NSE
SENORES,NSE
SEPC,NSE
SEQUENT,NSE
SERVOTECH,NSE
SESHAPAPER,NSE
SETCO,NSE
SETUINFRA,NSE
SGIL,NSE
SGL,NSE
SGLTL,NSE
SHAH,NSE
SHAHALLOYS,NSE
SHAILY,NSE
SHAKTIPUMP,NSE
SHALBY,NSE
SHALPAINTS,NSE
SHANKARA,NSE
SHANTI,NSE
SHANTIGEAR,NSE
SHARDACROP,NSE
SHARDAMOTR,NSE
SHAREINDIA,NSE
SHEKHAWATI,NSE
SHEMAROO,NSE
SHILPAMED,NSE
SHIVALIK,NSE
SHIVAMAUTO,NSE
SHIVAMILLS,NSE
SHIVATEX,NSE
SHK,NSE
SHOPERSTOP,NSE
SHRADHA,NSE
SHREDIGCEM,NSE
SHREECEM,NSE
SHREEPUSHK,NSE
SHREERAMA,NSE
SHRENIK,NSE
SHREYANIND,NSE
SHRIPISTON,NSE
SHRIRAMFIN,NSE
SHRIRAMPPS,NSE
SHYAMCENT,NSE
SHYAMMETL,NSE
SHYAMTEL,NSE
SICALLOG,NSE
SIEMENS,NSE
SIGACHI,NSE
SIGIND,NSE
SIGMA,NSE
SIGNATURE,NSE
SIGNPOST,NSE
SIKKO,NSE
SIL,NSE
SILGO,NSE
SILINV,NSE
SILLYMONKS,NSE
SILVERTUC,NSE
SIMBHALS,NSE
SIMPLEXINF,NSE
SINCLAIR,NSE
SINDHUTRAD,NSE
SINTERCOM,NSE
SIRCA,NSE
SIS,NSE
SITINET,NSE
SIYSIL,NSE
SJS,NSE
SJVN,NSE
SKFINDIA,NSE
SKIPPER,NSE
SKMEGGPROD,NSE
SKYGOLD,NSE
SMARTLINK,NSE
SMCGLOBAL,NSE
SMLISUZU,NSE
SMLT,NSE
SMSLIFE,NSE
SMSPHARMA,NSE
SNOWMAN,NSE
SOBHA,NSE
SOFTTECH,NSE
SOLARA,NSE
SOLARINDS,NSE
SOMANYCERA,NSE
SOMATEX,NSE
SOMICONVEY,NSE
SONACOMS,NSE
SONAMLTD,NSE
SONATSOFTW,NSE
SOTL,NSE
SOUTHBANK,NSE
SOUTHWEST,NSE
SPAL,NSE
SPANDANA,NSE
SPARC,NSE
SPCENET,NSE
SPECIALITY,NSE
SPECTRUM,NSE
SPENCERS,NSE
SPIC,NSE
SPLIL,NSE
SPLPETRO,NSE
SPMLINFRA,NSE
SPORTKING,NSE
SRD,NSE
SREEL,NSE
SRF,NSE
SRGHFL,NSE
SRHHYPOLTD,NSE
SRPL,NSE
SSDL,NSE
SSWL,NSE
STALLION,NSE
STANLEY,NSE
STAR,NSE
STARCEMENT,NSE
STARHEALTH,NSE
STARPAPER,NSE
STARTECK,NSE
STCINDIA,NSE
STEELCAS,NSE
STEELCITY,NSE
STEELXIND,NSE
STERTOOLS,NSE
STLTECH,NSE
STOVEKRAFT,NSE
STYLAMIND,NSE
STYLEBAAZA,NSE
STYRENIX,NSE
SUBEXLTD,NSE
SUBROS,NSE
SUDARSCHEM,NSE
SUKHJITS,NSE
SULA,NSE
SUMEETINDS,NSE
SUMICHEM,NSE
SUMIT,NSE
SUMMITSEC,NSE
SUNCLAY,NSE
SUNDARAM,NSE
SUNDARMFIN,NSE
SUNDARMHLD,NSE
SUNDRMBRAK,NSE
SUNDRMFAST,NSE
SUNDROP,NSE
SUNFLAG,NSE
SUNPHARMA,NSE
SUNTECK,NSE
SUNTV,NSE
SUPERHOUSE,NSE
SUPERSPIN,NSE
SUPRAJIT,NSE
SUPREME,NSE
SUPREMEIND,NSE
SUPREMEINF,NSE
SUPRIYA,NSE
SURAJEST,NSE
SURAJLTD,NSE
SURAKSHA,NSE
SURANASOL,NSE
SURANAT&P,NSE
SURYALAXMI,NSE
SURYAROSNI,NSE
SURYODAY,NSE
SUTLEJTEX,NSE
SUVEN,NSE
SUVIDHAA,NSE
SUYOG,NSE
SUZLON,NSE
SVLL,NSE
SVPGLOB,NSE
SWANDEF,NSE
SWANENERGY,NSE
SWARAJENG,NSE
SWELECTES,NSE
SWIGGY,NSE
SWSOLAR,NSE
SYMPHONY,NSE
SYNCOMF,NSE
SYNGENE,NSE
SYRMA,NSE
TAINWALCHM,NSE
TAJGVK,NSE
TAKE,NSE
TALBROAUTO,NSE
TANLA,NSE
TARACHAND,NSE
TARAPUR,NSE
TARC,NSE
TARIL,NSE
TARMAT,NSE
TARSONS,NSE
TASTYBITE,NSE
TATACHEM,NSE
TATACOMM,NSE
TATACONSUM,NSE
TATAELXSI,NSE
TATAINVEST,NSE
TATAMOTORS,NSE
TATAPOWER,NSE
TATASTEEL,NSE
TATATECH,NSE
TATVA,NSE
TBOTEK,NSE
TBZ,NSE
TCIEXP,NSE
TCIFINANCE,NSE
TCPLPACK,NSE
TCS,NSE
TDPOWERSYS,NSE
TEAMLEASE,NSE
TECHM,NSE
TECHNOE,NSE
TECILCHEM,NSE
TEGA,NSE
TEJASNET,NSE
TEMBO,NSE
TERASOFT,NSE
TEXINFRA,NSE
TEXMOPIPES,NSE
TEXRAIL,NSE
TFCILTD,NSE
TFL,NSE
TGBHOTELS,NSE
THANGAMAYL,NSE
THEINVEST,NSE
THEJO,NSE
THELEELA,NSE
THEMISMED,NSE
THERMAX,NSE
THOMASCOOK,NSE
THOMASCOTT,NSE
THYROCARE,NSE
TI,NSE
TICL,NSE
TIIL,NSE
TIINDIA,NSE
TIJARIA,NSE
TIMESGTY,NSE
TIMETECHNO,NSE
TIMKEN,NSE
TINNARUBR,NSE
TIPSFILMS,NSE
TIPSMUSIC,NSE
TIRUMALCHM,NSE
TIRUPATIFL,NSE
TITAGARH,NSE
TITAN,NSE
TMB,NSE
TNPETRO,NSE
TNPL,NSE
TNTELE,NSE
TOKYOPLAST,NSE
TOLINS,NSE
TORNTPHARM,NSE
TORNTPOWER,NSE
TOTAL,NSE
TOUCHWOOD,NSE
TPHQ,NSE
TPLPLASTEH,NSE
TRACXN,NSE
TRANSRAILL,NSE
TRANSWORLD,NSE
TREEHOUSE,NSE
TREJHARA,NSE
TREL,NSE
TRENT,NSE
TRF,NSE
TRIDENT,NSE
TRIGYN,NSE
TRITURBINE,NSE
TRIVENI,NSE
TTKHLTCARE,NSE
TTKPRESTIG,NSE
TTL,NSE
TTML,NSE
TVSELECT,NSE
TVSHLTD,NSE
TVSMOTOR,NSE
TVSSCS,NSE
TVSSRICHAK,NSE
TVTODAY,NSE
TVVISION,NSE
UBL,NSE
UCAL,NSE
UCOBANK,NSE
UDAICEMENT,NSE
UDS,NSE
UFLEX,NSE
UFO,NSE
UGARSUGAR,NSE
UGROCAP,NSE
UJJIVANSFB,NSE
ULTRACEMCO,NSE
UMAEXPORTS,NSE
UMESLTD,NSE
UMIYA-MRO,NSE
UNICHEMLAB,NSE
UNIDT,NSE
UNIECOM,NSE
UNIENTER,NSE
UNIINFO,NSE
UNIMECH,NSE
UNIONBANK,NSE
UNIPARTS,NSE
UNITDSPR,NSE
UNITECH,NSE
UNITEDPOLY,NSE
UNITEDTEA,NSE
UNIVASTU,NSE
UNIVCABLES,NSE
UNIVPHOTO,NSE
UNOMINDA,NSE
UPL,NSE
URAVIDEF,NSE
URJA,NSE
USHAMART,NSE
USK,NSE
UTIAMC,NSE
UTKARSHBNK,NSE
UTTAMSUGAR,NSE
UYFINCORP,NSE
V2RETAIL,NSE
VADILALIND,NSE
VAIBHAVGBL,NSE
VAISHALI,NSE
VAKRANGEE,NSE
VALIANTLAB,NSE
VALIANTORG,NSE
VARDHACRLC,NSE
VARDMNPOLY,NSE
VARROC,NSE
VASCONEQ,NSE
VASWANI,NSE
VBL,NSE
VCL,NSE
VEDL,NSE
VEEDOL,NSE
VENKEYS,NSE
VENTIVE,NSE
VENUSPIPES,NSE
VENUSREM,NSE
VERANDA,NSE
VESUVIUS,NSE
VETO,NSE
VGUARD,NSE
VHL,NSE
VHLTD,NSE
VIDHIING,NSE
VIJAYA,NSE
VIJIFIN,NSE
VIKASECO,NSE
VIKASLIFE,NSE
VIMTALABS,NSE
VINATIORGA,NSE
VINCOFE,NSE
VINDHYATEL,NSE
VINEETLAB,NSE
VINNY,NSE
VINYLINDIA,NSE
VIPCLOTHNG,NSE
VIPIND,NSE
VIPULLTD,NSE
VIRINCHI,NSE
VISAKAIND,NSE
VISASTEEL,NSE
VISHNU,NSE
VISHWARAJ,NSE
VIVIDHA,NSE
VLEGOV,NSE
VLSFINANCE,NSE
VMART,NSE
VMM,NSE
VOLTAMP,NSE
VOLTAS,NSE
VPRPL,NSE
VRAJ,NSE
VRLLOG,NSE
VSSL,NSE
VSTIND,NSE
VSTL,NSE
VSTTILLERS,NSE
VTL,NSE
WAAREEENER,NSE
WAAREERTL,NSE
WABAG,NSE
WALCHANNAG,NSE
WANBURY,NSE
WCIL,NSE
WEALTH,NSE
WEBELSOLAR,NSE
WEIZMANIND,NSE
WEL,NSE
WELCORP,NSE
WELENT,NSE
WELINV,NSE
WELSPUNLIV,NSE
WENDT,NSE
WESTLIFE,NSE
WEWIN,NSE
WHEELS,NSE
WHIRLPOOL,NSE
WILLAMAGOR,NSE
WINDLAS,NSE
WINDMACHIN,NSE
WINSOME,NSE
WIPL,NSE
WIPRO,NSE
WOCKPHARMA,NSE
WONDERLA,NSE
WORTH,NSE
WSI,NSE
WSTCSTPAPR,NSE
XCHANGING,NSE
XELPMOC,NSE
XPROINDIA,NSE
XTGLOBAL,NSE
YAARI,NSE
YASHO,NSE
YATHARTH,NSE
YATRA,NSE
YESBANK,NSE
YUKEN,NSE
ZAGGLE,NSE
ZEEL,NSE
ZEELEARN,NSE
ZEEMEDIA,NSE
ZENITHEXPO,NSE
ZENITHSTL,NSE
ZENSARTECH,NSE
ZENTEC,NSE
ZFCVINDIA,NSE
ZIMLAB,NSE
ZODIAC,NSE
ZODIACLOTH,NSE
ZOTA,NSE
ZUARI,NSE
ZUARIIND,NSE
ZYDUSLIFE,NSE
ZYDUSWELL,NSE
